ID,TITLE_ID
1,70281
2,73201
3,75386
4,77819
5,71275
6,77182
7,74346
8,73301
9,76017
10,71751
11,76580
12,73185
13,76697
14,72950
15,73871
16,75004
17,75753
18,76349
19,76158
20,76780
21,77563
22,73208
23,71855
24,71795
25,75554
26,73573
27,72819
28,74420
29,74782
30,75275
31,70624
32,71430
33,76048
34,71621
35,76498
36,73266
37,76677
38,76883
39,77892
40,76906
41,77523
42,77617
43,76099
44,71660
45,75769
46,76657
47,75895
48,72971
49,72483
50,76577
51,73688
52,73701
53,77723
54,73921
55,74225
56,72685
57,74462
58,70204
59,74486
60,70404
61,73415
62,77518
63,77496
64,76993
65,77584
66,72897
67,72868
68,70338
69,71048
70,71468
71,74717
72,70200
73,74651
74,72248
75,75199
76,75321
77,73918
78,72987
79,75755
80,77900
81,72947
82,72631
83,72104
84,71807
85,75441
86,76699
87,75095
88,74161
89,76588
90,71187
91,73633
92,77191
93,72901
94,76296
95,76705
96,77528
97,72432
98,76513
99,74047
100,76957
101,77965
102,77004
103,76119
104,72471
105,72478
106,71797
107,72217
108,73381
109,77391
110,77470
111,73510
112,76968
113,73306
114,75256
115,76148
116,73244
117,71987
118,76791
119,73859
120,73719
121,73304
122,75272
123,73252
124,77685
125,77409
126,77498
127,77448
128,71869
129,74154
130,74306
131,71909
132,71634
133,71796
134,71330
135,70164
136,70566
137,70969
138,71734
139,70735
140,71557
141,70159
142,72844
143,70745
144,71082
145,72839
146,70579
147,73447
148,74623
149,70944
150,76578
151,74404
152,73786
153,74987
154,73171
155,72829
156,74760
157,73274
158,73630
159,70298
160,77215
161,73324
162,70868
163,72577
164,76413
165,72560
166,76079
167,77384
168,70791
169,74092
170,74855
171,75336
172,75214
173,72300
174,76334
175,73258
176,72469
177,71697
178,72696
179,72554
180,73538
181,77202
182,77446
183,72047
184,75273
185,76405
186,74971
187,71668
188,73887
189,72310
190,76932
191,70172
192,74516
193,77173
194,72804
195,73277
196,74078
197,71793
198,74418
199,71874
200,77128
201,75210
202,76846
203,75211
204,76924
205,74977
206,77142
207,72253
208,71794
209,76683
210,73001
211,71880
212,76706
213,73205
214,73172
215,70655
216,73105
217,70760
218,74908
219,77080
220,77362
221,75483
222,74674
223,77775
224,76919
225,71819
226,74896
227,73243
228,76921
229,76997
230,71513
231,75900
232,72477
233,74587
234,73941
235,76107
236,76690
237,70433
238,70396
239,71385
240,74823
241,70048
242,76237A
243,75893
244,75707
245,70713
246,73496
247,71732
248,73211
249,71826
250,73899
251,72409
252,72016
253,75472
254,77253
255,72324
256,72385
257,73265
258,74967
259,73502
260,71206
261,73592
262,73591
263,75774
264,73703
265,76139
266,72692
267,73220
268,73360
269,70855
270,76306
271,77389
272,77200
273,73866
274,71830
275,72293
276,72022
277,71469
278,70575
279,71583
280,77111
281,74647
282,74201
283,74273
284,77150
285,73824
286,72953
287,77034
288,77359
289,70879
290,76682
291,71295
292,75564
293,77844
294,77168
295,73706
296,71057
297,70629
298,76138
299,72662
300,75728
301,71362
302,72825
303,77461
304,77843
305,76167
306,77786
307,77305
308,76931
309,72543
310,74710
311,72788
312,74570
313,75497
314,70315
315,70233
316,72305
317,74805
318,73271
319,72688
320,75553
321,75394
322,71050
323,72449
324,72695
325,74027
326,70489
327,73473
328,75207
329,73280
330,75754
331,75941
332,71864
333,72212
334,73962
335,73331
336,70593
337,72876
338,75319
339,71389
340,72402
341,73127
342,73697
343,76938
344,71906
345,70476
346,70496
347,71655
348,71619
349,72122
350,70475
351,70482
352,76848
353,73574
354,73860
355,74063
356,75709
357,76926
358,75600
359,77209
360,76610
361,73358
362,77398
363,74635
364,72629
365,77647
366,73829
367,73897
368,71982
369,70803
370,76106
371,74354
372,74452
373,70472
374,77251
375,77638
376,71555
377,75899
378,74216
379,70763
380,72020
381,75341
382,73453
383,71132
384,73209
385,70478
386,72044
387,70004
388,77144
389,74688
390,77628
391,77660
392,75002
393,77641
394,74618
395,75057
396,71658
397,70262
398,72481
399,72615
400,72404
401,77452
402,76688
403,71659
404,71608
405,72764
406,74753
407,74579
408,71515
409,70254
410,73157
411,75641
412,73163
413,75217
414,70393
415,77650
416,70910
417,77134
418,71647
419,71558
420,73737
421,75763
422,75716
423,77282
424,71549
425,77741
426,75879
427,70753
428,70947
429,77104
430,77565
431,74628
432,75044
433,71033
434,71331
435,72914
436,77867
437,71907
438,77785
439,76015
440,77405
441,73267
442,73264
443,71829
444,73276
445,73273
446,73085
447,74854
448,71372
449,77689
450,75149
451,72252
452,72145
453,70798
454,74961
455,72450
456,73152
457,72032
458,72563
459,73577
460,76820
461,77333
462,75423
463,74958
464,70034
465,73102
466,75162
467,73471
468,70117
469,71760
470,72492
471,74461
472,76804
473,76427
474,77666
475,73493
476,70533
477,77050
478,71500
479,75675
480,76127
481,72111
482,73202
483,71492
484,73083
485,70454
486,73065
487,74466
488,70594
489,72847
490,74787
491,75209
492,75552
493,76332
494,71989
495,73346
496,75626
497,76781
498,73374
499,74005
500,75519
501,77012
502,72709
503,72755
504,77042
505,77349
506,77807
507,73699
508,71710
509,74278
510,70361
511,70265
512,72124
513,75526
514,71356
515,75657
516,75693
517,70693
518,71140
519,72964
520,76718
521,74323
522,77184
523,77817
524,77062
525,71194
526,77712
527,73691
528,73830
529,74127
530,73426
531,72532
532,75078
533,72265
534,70371
535,74807
536,75266
537,71878
538,71899
539,72264
540,75401
541,75648
542,75509
543,71896
544,76698
545,70446
546,75727
547,77532
548,72531
549,73414
550,76283
551,76607
552,77538
553,73434
554,71612
555,75038
556,73081
557,71831
558,72937
559,76360
560,76040
561,76973
562,75311
563,74398
564,70250
565,74474
566,73718
567,75493
568,76586
569,75542
570,76421
571,73982
572,73270
573,74440
574,76055
575,73555
576,73457
577,72949
578,70739
579,74116
580,76180
581,72698
582,76702
583,74641
584,76287
585,75416
586,73749
587,74410
588,72372
589,75468
590,75736
591,76165
592,74642
593,75242
594,73988
595,76615
596,76700
597,72327
598,75424
599,71065
600,72476
601,77687
602,72183
603,76644
604,72266
605,73604
606,74497
607,72679
608,72259
609,73684
610,74368
611,76343
612,77338
613,70981
614,75054
615,74163
616,70466
617,77812
618,73151
619,77345
620,75141
621,74911
622,77899
623,73881
624,73275
625,72086
626,72562
627,76666
628,73203
629,70604
630,74841
631,72077
632,76537
633,71270
634,77187
635,75404
636,71080
637,75271
638,75602
639,71205
640,77335
641,70869
642,73658
643,77122
644,77691
645,74633
646,75203
647,75052
648,71759
649,77861
650,73956
651,72576
652,71031
653,71925
654,70149
655,76536
656,75898
657,72879
658,70367
659,73464
660,73925
661,76337
662,76990
663,76877
664,74514
665,70669
666,70187
667,77458
668,73339
669,74798
670,73268
671,71056
672,77265
673,72147
674,74886
675,70721
676,77501
677,75684
678,72945
679,76915
680,72976
681,72130
682,76383
683,77887
684,73672
685,72608
686,76227
687,77763
688,73966
689,77025
690,75094
691,71365
692,74986
693,71402
694,73316
695,77238
696,75868
697,73340
698,77755
699,77916
700,76523
701,77176
702,77462
703,77732
704,76027
705,77968
706,77905
707,76321
708,76590
709,74299
710,76710
711,77456
712,76112
713,77978
714,76242
715,77925
716,73916
717,74133
718,76895
719,77285
720,74548
721,73736
722,77375
723,74447
724,77454
725,75890
726,74249
727,75876
728,77693
729,77885
730,77974
731,77995
732,77911
733,76203
734,76305
735,70373
736,76320
737,74279
738,76388
739,75194
740,75075
741,74458
742,75428
743,76960
744,77046
745,74770
746,77040
747,74347
748,75680
749,75133
750,74147
751,74207
752,72866
753,70201
754,72597
755,77078
756,72396
757,72723
758,70421
759,73284
760,70759
761,71161
762,72540
763,77113
764,76032
765,73698
766,77314
767,71418
768,77679
769,72043
770,76023
771,77865
772,77009
773,77991
774,77069
775,70452
776,77167
777,70553
778,73386
779,77218
780,76861
781,77278
782,71083
783,77388
784,71446
785,71524
786,77474
787,77005
788,72069
789,77733
790,77841
791,77101
792,72584
793,77937
794,77115
795,72782
796,75794
797,77075
798,73025
799,73086
800,76054
801,73218
802,76830
803,73296
804,73373
805,73431
806,70664
807,70746
808,76293
809,70983
810,74016
811,70896
812,74034
813,70894
814,72241
815,75409
816,71416
817,70640
818,71109
819,75239
820,72668
821,71354
822,73095
823,71435
824,73295
825,73998
826,72201
827,74138
828,71058
829,70897
830,72380
831,75088
832,72601
833,72766
834,71315
835,72807
836,72865
837,73100
838,71470
839,71554
840,73385
841,70738
842,71900
843,74021
844,70682
845,74067
846,70880
847,74475
848,70080
849,74734
850,70958
851,75092
852,71114
853,75396
854,71231
855,72778
856,70343
857,71317
858,71721
859,73033
860,73097
861,73104
862,73115
863,71456
864,73149
865,71562
866,70477
867,73336
868,71727
869,73649
870,75775
871,71979
872,70711
873,74023
874,70804
875,72232
876,74328
877,70105
878,72345
879,72307
880,74788
881,71000
882,75079
883,75681
884,75118
885,72498
886,75247
887,72574
888,75322
889,75392
890,72641
891,75543
892,70481
893,77502
894,72938
895,72614
896,71693
897,70032
898,73121
899,70146
900,73495
901,74015
902,70424
903,76935
904,75488
905,76101
906,74473
907,77179
908,75489
909,75415
910,76900
911,77088
912,75320
913,76312
914,77575
915,74873
916,76258
917,73989
918,74039
919,75737
920,76188
921,76235
922,74038
923,76072
924,75097
925,76531
926,76373
927,77203
928,73466
929,77292
930,77399
931,77506
932,77556
933,74006
934,74919
935,70234
936,76310
937,72618
938,72326
939,71411
940,75382
941,71729
942,71320
943,71465
944,77893
945,73142
946,74055
947,71180
948,71591
949,70495
950,71678
951,76009
952,71893
953,71681
954,72809
955,71090
956,70507
957,72999
958,77437
959,71091
960,70124
961,72591
962,72885
963,71712
964,71853
965,73057
966,73184
967,72617
968,74316
969,70581
970,70266
971,70046
972,72335
973,71020
974,72644
975,71725
976,74827
977,73601
978,74829
979,72759
980,70900
981,76440
982,71375
983,73212
984,73892
985,72667
986,73145
987,74135
988,70392
989,73082
990,72900
991,74014
992,76149
993,75213
994,74776
995,73861
996,77537
997,76022
998,77174
999,77903
1000,74136
1001,76574
1002,74419
1003,75504
1004,77378
1005,76004
1006,74715
1007,76219
1008,76353
1009,76490
1010,75090
1011,75226
1012,74052
1013,76934
1014,77280
1015,75674
1016,73965
1017,75860
1018,77984
1019,74634
1020,77918
1021,73802
1022,76039
1023,76065
1024,76186
1025,74893
1026,73983
1027,76376
1028,76570
1029,74210
1030,75147
1031,76654
1032,74035
1033,76765
1034,75270
1035,76785
1036,76884
1037,76954
1038,77071
1039,74115
1040,74520
1041,77410
1042,75790
1043,74681
1044,77997
1045,77953
1046,73964
1047,77915
1048,76025
1049,76153
1050,73992
1051,76254
1052,76187
1053,74883
1054,74806
1055,73875
1056,74777
1057,75021
1058,76443
1059,76512
1060,76515
1061,74230
1062,76582
1063,75045
1064,76559
1065,76680
1066,74205
1067,76659
1068,76618
1069,76640
1070,75183
1071,76778
1072,75222
1073,76737
1074,74051
1075,76839
1076,76822
1077,75344
1078,76821
1079,73796
1080,77107
1081,77026
1082,75546
1083,73906
1084,77189
1085,77279
1086,74544
1087,77327
1088,74102
1089,74509
1090,75749
1091,77574
1092,77668
1093,77746
1094,75840
1095,74700
1096,77950
1097,75995
1098,77913
1099,77930
1100,75870
1101,73884
1102,74287
1103,74923
1104,70898
1105,73305
1106,70158
1107,73368
1108,70521
1109,70231
1110,72242
1111,71172
1112,71280
1113,72677
1114,73199
1115,70772
1116,73035
1117,71046
1118,71319
1119,72760
1120,71496
1121,73402
1122,72488
1123,72151
1124,71856
1125,71407
1126,73168
1127,71742
1128,72771
1129,73436
1130,71614
1131,70290
1132,73364
1133,70494
1134,70012
1135,70848
1136,70991
1137,73036
1138,71111
1139,72860
1140,71630
1141,71691
1142,72776
1143,72013
1144,72470
1145,72406
1146,70845
1147,72526
1148,72558
1149,72956
1150,70177
1151,72906
1152,72010
1153,70904
1154,70212
1155,70143
1156,73283
1157,70246
1158,71540
1159,73647
1160,72768
1161,73571
1162,70089
1163,70545
1164,70728
1165,70782
1166,73139
1167,72790
1168,72993
1169,73459
1170,75368
1171,75240
1172,73474
1173,75309
1174,76446
1175,73497
1176,71415
1177,75128
1178,76323
1179,74477
1180,73289
1181,75886
1182,76047
1183,74600
1184,77521
1185,70525
1186,73995
1187,73161
1188,76714
1189,77708
1190,71722
1191,73780
1192,75548
1193,73272
1194,74024
1195,76233
1196,71846
1197,76169
1198,71215
1199,72184
1200,76600
1201,71945
1202,77439
1203,73600
1204,72681
1205,71983
1206,74817
1207,75337
1208,74571
1209,76681
1210,72486
1211,74401
1212,75087
1213,77430
1214,77500
1215,71229
1216,70020
1217,75650
1218,71550
1219,76873
1220,71070
1221,77051
1222,73674
1223,75576
1224,71399
1225,75205
1226,71875
1227,77681
1228,74263
1229,72957
1230,74837
1231,77910
1232,76748
1233,75756
1234,70665
1235,75224
1236,73022
1237,73143
1238,75168
1239,70988
1240,77312
1241,75653
1242,74667
1243,71438
1244,77883
1245,77396
1246,77103
1247,74707
1248,70035
1249,74444
1250,72982
1251,74992
1252,77724
1253,71169
1254,72186
1255,72334
1256,72342
1257,74123
1258,75702
1259,75670
1260,74196
1261,77497
1262,72845
1263,75746
1264,77214
1265,77768
1266,77344
1267,74723
1268,76584
1269,75772
1270,73971
1271,75640
1272,71417
1273,73588
1274,70878
1275,72040
1276,77386
1277,74288
1278,74980
1279,71885
1280,73673
1281,70224
1282,77801
1283,75609
1284,73111
1285,77087
1286,72239
1287,72589
1288,71538
1289,73463
1290,76297
1291,76922
1292,71059
1293,72585
1294,71527
1295,70583
1296,72786
1297,75690
1298,77642
1299,75759
1300,72600
1301,70268
1302,75625
1303,75007
1304,72527
1305,72263
1306,70217
1307,72021
1308,71778
1309,75683
1310,73254
1311,75102
1312,74465
1313,70686
1314,71741
1315,75091
1316,74629
1317,75011
1318,70915
1319,72015
1320,70033
1321,72827
1322,71156
1323,74481
1324,77307
1325,77769
1326,72830
1327,75411
1328,75323
1329,72616
1330,74781
1331,77360
1332,75246
1333,73483
1334,77330
1335,74814
1336,72863
1337,72240
1338,75465
1339,73865
1340,75884
1341,72328
1342,71179
1343,71410
1344,73702
1345,71271
1346,73337
1347,75889
1348,71685
1349,73568
1350,72826
1351,72775
1352,74239
1353,77669
1354,71175
1355,75522
1356,72365
1357,75115
1358,73655
1359,75142
1360,76611
1361,70641
1362,76965
1363,76713
1364,73984
1365,76212
1366,70119
1367,76742
1368,77758
1369,74012
1370,72292
1371,77535
1372,77021
1373,74209
1374,77290
1375,73051
1376,77208
1377,76805
1378,71702
1379,73557
1380,76111
1381,75575
1382,70677
1383,74936
1384,75764
1385,76241
1386,76887
1387,74874
1388,72542
1389,73831
1390,73889
1391,71561
1392,73888
1393,71810
1394,72080
1395,74218
1396,74894
1397,70895
1398,77151
1399,70619
1400,77799
1401,73867
1402,71654
1403,72926
1404,76109
1405,73178
1406,77177
1407,70439
1408,74107
1409,74843
1410,75077
1411,71843
1412,70181
1413,77242
1414,74849
1415,76622
1416,76080
1417,77419
1418,75507
1419,75350
1420,70666
1421,75425
1422,75278
1423,71738
1424,74513
1425,73330
1426,72384
1427,77914
1428,70252
1429,72642
1430,76833
1431,74665
1432,76487
1433,74290
1434,70259
1435,72257
1436,76851
1437,76136
1438,76974
1439,74164
1440,73842
1441,76767
1442,74706
1443,72392
1444,75155
1445,74053
1446,76281
1447,76809
1448,75779
1449,73839
1450,72103
1451,75676
1452,70599
1453,77559
1454,74612
1455,72567
1456,72898
1457,73877
1458,75349
1459,72994
1460,77438
1461,71473
1462,74586
1463,73106
1464,74437
1465,76630
1466,71160
1467,75140
1468,72986
1469,75475
1470,77896
1471,75089
1472,72284
1473,76853
1474,71273
1475,75614
1476,76492
1477,73611
1478,71318
1479,76933
1480,74343
1481,73338
1482,76966
1483,73851
1484,74645
1485,72325
1486,75661
1487,71933
1488,74348
1489,73695
1490,73314
1491,73758
1492,75551
1493,72246
1494,73462
1495,73286
1496,71901
1497,73260
1498,74682
1499,71364
1500,77926
1501,71103
1502,73885
1503,71559
1504,73579
1505,73231
1506,73461
1507,72378
1508,72753
1509,71711
1510,76452
1511,74884
1512,74822
1513,76450
1514,77949
1515,70668
1516,75098
1517,76845
1518,77678
1519,73074
1520,74412
1521,73599
1522,76976
1523,75031
1524,76409
1525,72880
1526,73117
1527,73371
1528,70329
1529,74105
1530,74013
1531,75767
1532,70571
1533,77258
1534,71940
1535,71494
1536,71927
1537,75335
1538,77125
1539,75562
1540,73239
1541,75228
1542,75817
1543,72664
1544,73056
1545,75269
1546,74381
1547,76920
1548,74880
1549,70097
1550,77339
1551,74185
1552,70630
1553,73235
1554,77057
1555,72176
1556,71620
1557,70844
1558,74438
1559,75096
1560,76557
1561,77492
1562,73767
1563,71351
1564,72619
1565,77529
1566,74020
1567,76196
1568,73225
1569,72674
1570,74061
1571,77440
1572,70162
1573,74959
1574,75131
1575,75801
1576,75014
1577,77635
1578,76043
1579,72433
1580,73103
1581,73140
1582,71055
1583,77011
1584,73138
1585,75235
1586,77637
1587,73945
1588,71323
1589,71054
1590,72351
1591,73521
1592,71309
1593,77505
1594,71162
1595,75540
1596,76991
1597,71223
1598,72502
1599,70587
1600,72952
1601,73221
1602,75586
1603,76930
1604,72633
1605,72962
1606,72166
1607,73841
1608,75544
1609,72780
1610,77404
1611,74096
1612,72089
1613,72177
1614,72127
1615,75814
1616,70009
1617,72113
1618,77157
1619,71118
1620,74620
1621,74421
1622,74111
1623,75505
1624,73816
1625,71045
1626,77946
1627,70355
1628,77967
1629,75310
1630,75446
1631,76194
1632,76854
1633,74533
1634,72002
1635,75732
1636,77235
1637,77766
1638,73986
1639,70334
1640,71010
1641,71053
1642,77886
1643,73023
1644,75026
1645,76878
1646,71849
1647,70095
1648,76941
1649,72390
1650,77980
1651,72561
1652,75440
1653,70758
1654,77424
1655,70470
1656,72973
1657,73953
1658,70577
1659,77377
1660,76007
1661,73972
1662,75285
1663,70802
1664,70781
1665,75583
1666,75663
1667,73240
1668,72132
1669,73227
1670,70586
1671,72192
1672,77064
1673,71115
1674,71373
1675,76453
1676,72491
1677,70756
1678,76762
1679,72808
1680,77938
1681,71499
1682,72887
1683,74062
1684,70761
1685,76733
1686,74077
1687,73629
1688,72686
1689,71243
1690,72163
1691,70959
1692,70354
1693,73575
1694,70862
1695,71013
1696,76984
1697,74058
1698,77041
1699,74144
1700,73637
1701,71833
1702,71378
1703,77924
1704,74759
1705,74763
1706,75773
1707,70451
1708,71988
1709,73857
1710,73344
1711,74835
1712,72903
1713,71679
1714,77135
1715,74669
1716,73269
1717,77397
1718,77230
1719,72360
1720,72445
1721,73401
1722,71457
1723,72114
1724,74217
1725,74002
1726,70193
1727,73794
1728,71719
1729,71461
1730,74032
1731,73589
1732,76005
1733,77719
1734,74932
1735,71811
1736,76808
1737,75422
1738,70174
1739,77846
1740,71488
1741,73228
1742,76429
1743,70226
1744,72167
1745,71624
1746,70556
1747,70263
1748,76803
1749,70499
1750,76956
1751,77663
1752,71025
1753,75063
1754,72161
1755,73259
1756,75421
1757,73416
1758,73303
1759,73469
1760,72960
1761,77671
1762,76764
1763,73893
1764,77076
1765,75208
1766,75284
1767,74529
1768,76802
1769,77119
1770,75735
1771,75848
1772,77992
1773,72416
1774,71369
1775,70522
1776,73210
1777,70394
1778,75277
1779,72810
1780,75348
1781,77442
1782,77178
1783,76514
1784,75770
1785,70473
1786,74284
1787,74060
1788,72175
1789,75823
1790,73504
1791,74101
1792,70169
1793,70377
1794,70335
1795,71028
1796,75799
1797,72669
1798,71997
1799,75591
1800,71918
1801,77718
1802,70730
1803,72843
1804,71615
1805,76237
1806,77139
1807,74714
1808,77966
1809,77296
1810,77789
1811,75587
1812,74397
1813,72974
1814,74233
1815,72691
1816,77592
1817,77166
1818,73348
1819,71138
1820,71250
1821,70823
1822,74758
1823,76646
1824,77441
1825,76542
1826,77485
1827,73901
1828,75263
1829,75161
1830,76709
1831,76786
1832,70792
1833,70385
1834,70663
1835,73332
1836,73079
1837,71120
1838,74305
1839,76975
1840,76354
1841,76495
1842,73565
1843,72570
1844,76369
1845,70310
1846,72893
1847,71891
1848,72749
1849,73902
1850,71816
1851,74415
1852,70927
1853,71598
1854,70057
1855,75015
1856,73470
1857,77644
1858,77651
1859,74671
1860,70948
1861,70163
1862,71528
1863,76788
1864,70274
1865,70719
1866,71953
1867,70486
1868,75061
1869,72423
1870,71786
1871,75809
1872,74907
1873,76855
1874,70465
1875,73031
1876,73288
1877,75612
1878,75369
1879,70526
1880,72042
1881,70039
1882,72164
1883,75445
1884,73411
1885,73769
1886,76896
1887,72917
1888,77367
1889,70418
1890,71686
1891,75699
1892,74149
1893,75539
1894,77112
1895,72474
1896,70723
1897,77860
1898,71324
1899,77136
1900,74283
1901,75379
1902,73250
1903,73329
1904,75844
1905,70691
1906,76137
1907,71260
1908,71662
1909,70822
1910,72181
1911,72172
1912,71625
1913,75549
1914,70582
1915,74917
1916,77400
1917,72958
1918,71651
1919,71652
1920,70843
1921,71336
1922,70996
1923,74341
1924,71616
1925,72849
1926,75545
1927,77175
1928,76229
1929,74654
1930,76140
1931,76368
1932,71398
1933,70794
1934,76526
1935,72789
1936,77180
1937,77700
1938,75426
1939,73417
1940,73315
1941,73108
1942,70866
1943,72258
1944,76535
1945,75403
1946,71724
1947,71296
1948,71251
1949,72988
1950,76182
1951,73006
1952,77788
1953,76164
1954,71537
1955,77985
1956,73503
1957,72429
1958,76958
1959,76560
1960,77374
1961,72394
1962,76815
1963,76482
1964,75531
1965,71820
1966,72575
1967,71008
1968,75646
1969,76689
1970,77646
1971,72697
1972,73109
1973,72354
1974,70467
1975,71210
1976,71207
1977,76509
1978,71754
1979,70771
1980,73088
1981,76613
1982,73593
1983,70727
1984,74018
1985,75892
1986,72367
1987,76673
1988,77636
1989,74683
1990,75104
1991,70857
1992,70531
1993,71276
1994,77898
1995,71962
1996,71252
1997,71454
1998,75016
1999,74330
2000,72873
2001,71143
2002,71649
2003,71449
2004,74872
2005,71991
2006,76942
2007,70410
2008,73928
2009,77170
2010,75024
2011,73279
2012,77649
2013,75863
2014,70479
2015,71663
2016,76341
2017,71543
2018,70422
2019,77493
2020,70793
2021,75721
2022,72877
2023,73707
2024,72582
2025,72277
2026,71935
2027,72344
2028,74847
2029,70188
2030,72375
2031,73226
2032,73377
2033,76021
2034,71096
2035,70931
2036,70998
2037,70935
2038,76558
2039,71781
2040,74219
2041,77053
2042,72968
2043,72653
2044,75938
2045,70949
2046,71034
2047,75303
2048,77566
2049,72331
2050,71825
2051,70075
2052,75373
2053,72442
2054,73563
2055,75156
2056,72773
2057,72765
2058,77548
2059,74208
2060,75692
2061,70336
2062,76473
2063,74320
2064,76389
2065,75150
2066,76750
2067,74081
2068,70729
2069,77171
2070,72883
2071,77648
2072,75080
2073,74726
2074,77621
2075,71282
2076,71279
2077,74791
2078,71290
2079,71632
2080,73905
2081,72700
2082,74356
2083,73919
2084,73514
2085,77601
2086,76717
2087,74926
2088,75081
2089,73624
2090,74080
2091,73828
2092,77583
2093,77800
2094,75660
2095,73753
2096,73041
2097,71384
2098,74663
2099,70914
2100,76734
2101,74836
2102,76016
2103,70762
2104,72772
2105,76279
2106,77016
2107,75442
2108,75964
2109,76163
2110,76419
2111,72215
2112,70712
2113,72640
2114,73222
2115,75189
2116,71462
2117,72169
2118,75584
2119,77643
2120,72996
2121,71779
2122,76612
2123,71787
2124,75388
2125,73823
2126,76867
2127,71994
2128,76432
2129,70926
2130,70381
2131,72754
2132,74431
2133,72501
2134,74768
2135,73981
2136,70312
2137,71288
2138,71291
2139,71284
2140,71242
2141,71285
2142,71283
2143,77241
2144,77969
2145,77976
2146,77935
2147,77401
2148,73835
2149,73257
2150,70096
2151,70790
2152,76511
2153,75378
2154,75974
2155,72564
2156,76668
2157,72672
2158,75459
2159,77567
2160,74134
2161,72881
2162,73150
2163,77581
2164,73837
2165,75573
2166,72882
2167,76757
2168,72651
2169,72505
2170,72737
2171,76667
2172,76549
2173,75448
2174,70609
2175,74839
2176,77540
2177,73710
2178,73567
2179,73499
2180,72909
2181,74413
2182,70324
2183,70191
2184,77354
2185,72218
2186,77804
2187,76835
2188,74522
2189,75536
2190,71225
2191,70814
2192,76124
2193,72236
2194,73281
2195,74915
2196,72835
2197,77031
2198,76879
2199,76576
2200,76551
2201,73862
2202,72578
2203,72530
2204,73967
2205,72041
2206,76749
2207,77153
2208,74655
2209,73818
2210,72875
2211,72611
2212,70548
2213,71255
2214,73671
2215,77311
2216,76456
2217,76414
2218,75408
2219,75022
2220,73616
2221,73448
2222,71744
2223,70639
2224,72424
2225,75282
2226,74402
2227,74720
2228,75037
2229,75658
2230,76766
2231,70409
2232,74999
2233,77652
2234,71847
2235,70076
2236,70280
2237,75074
2238,72862
2239,77714
2240,73438
2241,77224
2242,72428
2243,70351
2244,72009
2245,72012
2246,77260
2247,74713
2248,77083
2249,76352
2250,73026
2251,71321
2252,75040
2253,71467
2254,76916
2255,70102
2256,71472
2257,70492
2258,76260
2259,75474
2260,73335
2261,71835
2262,74580
2263,74576
2264,76784
2265,76961
2266,70021
2267,70837
2268,72133
2269,74457
2270,76384
2271,77778
2272,75595
2273,77431
2274,76044
2275,73554
2276,76020
2277,77602
2278,71720
2279,70058
2280,76936
2281,76201
2282,71249
2283,71761
2284,77828
2285,77541
2286,76608
2287,76816
2288,73089
2289,77196
2290,74679
2291,74964
2292,72026
2293,70945
2294,72358
2295,73537
2296,72904
2297,76534
2298,70685
2299,73278
2300,71233
2301,77423
2302,72777
2303,72484
2304,70954
2305,77361
2306,73490
2307,74832
2308,77132
2309,72426
2310,72884
2311,73844
2312,70808
2313,77161
2314,74535
2315,73958
2316,72536
2317,71049
2318,76684
2319,76157
2320,70115
2321,71746
2322,77491
2323,74536
2324,77639
2325,72728
2326,71876
2327,73779
2328,77477
2329,73999
2330,71404
2331,71845
2332,73883
2333,70135
2334,74070
2335,73419
2336,72967
2337,74383
2338,76401
2339,75776
2340,73678
2341,77633
2342,71546
2343,70112
2344,73595
2345,71208
2346,70795
2347,71434
2348,77951
2349,71314
2350,75376
2351,72832
2352,72226
2353,70610
2354,71696
2355,74321
2356,74183
2357,70295
2358,74472
2359,77380
2360,76313
2361,73929
2362,75613
2363,75654
2364,73223
2365,72891
2366,75258
2367,72907
2368,70613
2369,77460
2370,76842
2371,73460
2372,76230
2373,71281
2374,77717
2375,76917
2376,75276
2377,74546
2378,76342
2379,73768
2380,72537
2381,76532
2382,71815
2383,76068
2384,75837
2385,74672
2386,71244
2387,72656
2388,77640
2389,71052
2390,76324
2391,75086
2392,77346
2393,77871
2394,75637
2395,75245
2396,75331
2397,76075
2398,70699
2399,71426
2400,76193
2401,74708
2402,71154
2403,75172
2404,76745
2405,71200
2406,77193
2407,77024
2408,74916
2409,73590
2410,70973
2411,74019
2412,76694
2413,74168
2414,76042
2415,76685
2416,73310
2417,73693
2418,72485
2419,75711
2420,70227
2421,76123
2422,77543
2423,70764
2424,74071
2425,74722
2426,76716
2427,77522
2428,70364
2429,71677
2430,71466
2431,71877
2432,71737
2433,76647
2434,71361
2435,75989
2436,76355
2437,77486
2438,77908
2439,72435
2440,73739
2441,70346
2442,75932
2443,77931
2444,72247
2445,73435
2446,73248
2447,73636
2448,73525
2449,73734
2450,74379
2451,75933
2452,76533
2453,75996
2454,77186
2455,74409
2456,76339
2457,74408
2458,72017
2459,71661
2460,75608
2461,72803
2462,76001
2463,75930
2464,74530
2465,72296
2466,72028
2467,72920
2468,76793
2469,71133
2470,72138
2471,74333
2472,75372
2473,75963
2474,73711
2475,75383
2476,70974
2477,73846
2478,73564
2479,73917
2480,77876
2481,74853
2482,76348
2483,76359
2484,77231
2485,70071
2486,70647
2487,70851
2488,73206
2489,74423
2490,70818
2491,71752
2492,77702
2493,73363
2494,75800
2495,74007
2496,74351
2497,72120
2498,72856
2499,77764
2500,72194
2501,71406
2502,75313
2503,73949
2504,76520
2505,73207
2506,70909
2507,76218
2508,72389
2509,71629
2510,71245
2511,77155
2512,71428
2513,70743
2514,73994
2515,75318
2516,74812
2517,71037
2518,77513
2519,72457
2520,71920
2521,71531
2522,70570
2523,70885
2524,72008
2525,76547
2526,74043
2527,74004
2528,71870
2529,77855
2530,72705
2531,70710
2532,71535
2533,77412
2534,72412
2535,77665
2536,77272
2537,76672
2538,75703
2539,71101
2540,77070
2541,77645
2542,74838
2543,77206
2544,74833
2545,71248
2546,77169
2547,77141
2548,76338
2549,70208
2550,76797
2551,76794
2552,71247
2553,74831
2554,75008
2555,76871
2556,73048
2557,75839
2558,77468
2559,72376
2560,73024
2561,73174
2562,74534
2563,77328
2564,75836
2565,76529
2566,70111
2567,73317
2568,77489
2569,73576
2570,75317
2571,75590
2572,70022
2573,75443
2574,70369
2575,74834
2576,77130
2577,70090
2578,72690
2579,77490
2580,70887
2581,77244
2582,70113
2583,70148
2584,71682
2585,72076
2586,77304
2587,71334
2588,70607
2589,76183
2590,72837
2591,77039
2592,76478
2593,72978
2594,74259
2595,72088
2596,72665
2597,71292
2598,71544
2599,72417
2600,77096
2601,72944
2602,77947
2603,74025
2604,72628
2605,71842
2606,73832
2607,77094
2608,75187
2609,75805
2610,74352
2611,71094
2612,74073
2613,76002
2614,71339
2615,71912
2616,77097
2617,74427
2618,71102
2619,72588
2620,73354
2621,77508
2622,77250
2623,74008
2624,70311
2625,76550
2626,73639
2627,71517
2628,70316
2629,70853
2630,70087
2631,74106
2632,71023
2633,76971
2634,71246
2635,77124
2636,76912
2637,75126
2638,72872
2639,75765
2640,74390
2641,72209
2642,71590
2643,70175
2644,74068
2645,75731
2646,71209
2647,75192
2648,70432
2649,76587
2650,73872
2651,70406
2652,71706
2653,77093
2654,70173
2655,71267
2656,72857
2657,71147
2658,70485
2659,70491
2660,70487
2661,70443
2662,75768
2663,72141
2664,75666
2665,76581
2666,77092
2667,72961
2668,77018
2669,76923
2670,73130
2671,71701
2672,71888
2673,71450
2674,74929
2675,77866
2676,76104
2677,77736
2678,77917
2679,75786
2680,73650
2681,73307
2682,74342
2683,75444
2684,77261
2685,72046
2686,76093
2687,72565A
2688,77162
2689,77772
2690,75184
2691,74584
2692,73891
2693,75178
2694,74393
2695,75704
2696,73840
2697,77607
2698,77561
2699,75511
2700,72979
2701,73826
2702,73833
2703,73096
2704,70026
2705,72802
2706,77181
2707,77246
2708,75330
2709,77414
2710,75068
2711,75859
2712,73562
2713,74435
2714,70860
2715,73850
2716,73186
2717,76548
2718,74040
2719,71887
2720,71645
2721,73612
2722,71762
2723,71458
2724,70125
2725,76761
2726,75257
2727,72082
2728,77341
2729,74282
2730,72304
2731,76363
2732,71643
2733,75170
2734,70872
2735,72187
2736,71860
2737,70847
2738,75585
2739,72871
2740,72087
2741,77245
2742,73900
2743,70913
2744,76722
2745,75456
2746,74686
2747,73761
2748,76052
2749,70523
2750,75833
2751,73977
2752,70078
2753,74388
2754,74945
2755,76497
2756,76777
2757,73362
2758,75521
2759,73607
2760,70130
2761,71264
2762,70243
2763,72182
2764,74491
2765,70942
2766,76439
2767,77662
2768,74145
2769,71445
2770,74878
2771,73728
2772,73492
2773,72946
2774,75035
2775,74506
2776,74525
2777,72271
2778,74180
2779,71131
2780,71077
2781,77284
2782,70317
2783,70936
2784,75121
2785,72622
2786,77160
2787,74222
2788,74858
2789,72312
2790,72763
2791,77939
2792,76464
2793,74764
2794,76980
2795,77797
2796,76860
2797,72552
2798,72158
2799,73757
2800,73247
2801,75538
2802,70116
2803,76302
2804,75427
2805,75353
2806,72569
2807,73070
2808,74840
2809,76593
2810,74157
2811,74950
2812,73756
2813,71770
2814,72878
2815,71316
2816,76350
2817,73751
2818,72625
2819,76653
2820,76134
2821,74370
2822,71965
2823,74045
2824,74041
2825,72480
2826,75572
2827,70635
2828,70555
2829,72841
2830,75911
2831,77358
2832,71921
2833,71627
2834,71289
2835,75218
2836,70028
2837,74184
2838,73765
2839,75333
2840,70733
2841,73617
2842,73147
2843,74240
2844,71828
2845,72100
2846,72152
2847,70140
2848,70303
2849,72834
2850,70066
2851,76162
2852,73670
2853,73341
2854,73383
2855,76336
2856,77415
2857,74318
2858,70408
2859,71431
2860,76291
2861,76051
2862,71948
2863,77325
2864,76367
2865,75476
2866,70986
2867,73778
2868,71424
2869,74888
2870,75236
2871,77944
2872,72243
2873,70114
2874,73413
2875,71723
2876,71340
2877,77110
2878,76460
2879,70258
2880,73181
2881,70799
2882,76869
2883,76442
2884,76272
2885,73392
2886,75718
2887,77059
2888,76829
2889,76818
2890,72333
2891,71646
2892,71403
2893,72053
2894,73326
2895,77869
2896,70411
2897,73709
2898,75083
2899,77707
2900,74820
2901,74256
2902,75296
2903,73713
2904,73556
2905,73200
2906,72818
2907,70752
2908,76168
2909,70622
2910,76135
2911,73192
2912,74903
2913,75936
2914,77504
2915,77020
2916,75742
2917,74550
2918,73182
2919,75894
2920,77815
2921,73915
2922,77862
2923,71594
2924,75532
2925,76345
2926,76371
2927,77306
2928,77795
2929,75594
2930,73045
2931,73656
2932,73594
2933,76038
2934,70469
2935,71017
2936,77022
2937,73080
2938,73950
2939,77453
2940,77834
2941,71510
2942,76799
2943,74037
2944,70886
2945,75644
2946,71889
2947,75219
2948,70307
2949,70308
2950,70412
2951,72603
2952,71673
2953,77350
2954,73631
2955,73501
2956,73118
2957,71183
2958,74274
2959,70737
2960,72750
2961,74429
2962,75042
2963,76506
2964,74235
2965,76286
2966,75942
2967,76655
2968,72592
2969,76236
2970,74744
2971,74308
2972,72573
2973,70225
2974,76925
2975,74104
2976,71007
2977,75524
2978,70061
2979,74750
2980,76234
2981,75148
2982,74757
2983,70375
2984,75212
2985,73287
2986,72123
2987,71822
2988,75265
2989,76999
2990,76266
2991,72049
2992,73793
2993,75367
2994,71261
2995,77494
2996,74493
2997,71443
2998,76100
2999,73740
3000,71478
3001,71173
3002,72313
3003,73120
3004,76190
3005,77060
3006,75606
3007,74712
3008,73518
3009,70903
3010,73933
3011,71150
3012,75260
3013,70643
3014,76185
3015,70923
3016,76084
3017,70633
3018,77813
3019,70549
3020,71051
3021,77743
3022,72467
3023,70867
3024,72374
3025,77728
3026,76711
3027,70328
3028,73424
3029,70597
3030,76358
3031,75073
3032,77760
3033,73694
3034,71519
3035,76986
3036,72446
3037,71155
3038,75977
3039,73465
3040,77670
3041,76735
3042,76071
3043,73750
3044,70626
3045,76554
3046,74496
3047,74780
3048,74454
3049,73069
3050,75055
3051,72099
3052,72162
3053,70197
3054,71635
3055,71586
3056,76406
3057,70447
3058,77152
3059,74286
3060,76232
3061,76053
3062,76862
3063,75477
3064,71325
3065,73926
3066,76049
3067,75534
3068,71942
3069,74869
3070,74578
3071,71066
3072,72262
3073,75784
3074,77757
3075,73293
3076,71241
3077,73566
3078,74059
3079,74601
3080,71016
3081,70372
3082,75508
3083,74957
3084,70045
3085,77994
3086,76519
3087,77226
3088,70293
3089,77192
3090,76362
3091,72997
3092,74400
3093,71861
3094,70202
3095,73692
3096,71508
3097,73613
3098,73845
3099,75301
3100,71750
3101,70023
3102,73297
3103,74747
3104,75202
3105,70017
3106,70649
3107,71986
3108,73007
3109,71004
3110,76438
3111,75789
3112,76437
3113,74502
3114,76918
3115,72285
3116,75710
3117,74029
3118,74030
3119,71676
3120,75127
3121,77262
3122,77549
3123,77684
3124,73560
3125,73494
3126,76282
3127,75878
3128,74638
3129,70536
3130,73970
3131,74935
3132,70573
3133,74824
3134,75345
3135,73162
3136,74214
3137,77562
3138,70820
3139,72535
3140,74480
3141,72874
3142,71342
3143,71818
3144,75632
3145,74140
3146,71084
3147,73146
3148,76215
3149,76624
3150,72314
3151,76507
3152,75434
3153,76308
3154,77894
3155,77525
3156,72741
3157,72465
3158,71216
3159,70145
3160,73638
3161,77526
3162,72466
3163,72798
3164,71883
3165,72144
3166,73432
3167,74652
3168,76290
3169,70683
3170,72490
3171,74786
3172,75865
3173,71092
3174,71227
3175,70831
3176,72639
3177,76431
3178,72500
3179,74575
3180,74871
3181,77478
3182,77774
3183,74942
3184,76728
3185,74790
3186,77825
3187,72689
3188,76488
3189,77664
3190,77482
3191,76998
3192,77302
3193,72970
3194,71427
3195,70876
3196,76030
3197,73064
3198,76569
3199,70156
3200,71171
3201,70352
3202,73253
3203,77667
3204,70849
3205,71782
3206,71493
3207,77631
3208,76675
3209,76399
3210,74260
3211,73005
3212,76561
3213,76679
3214,76118
3215,72747
3216,71884
3217,75013
3218,77081
3219,70987
3220,72638
3221,70291
3222,70194
3223,70133
3224,75882
3225,72721
3226,71824
3227,75569
3228,71152
3229,76166
3230,76662
3231,72361
3232,74359
3233,77591
3234,74898
3235,73133
3236,71959
3237,75846
3238,76565
3239,77172
3240,77366
3241,77629
3242,74439
3243,74690
3244,74727
3245,70785
3246,72918
3247,75103
3248,70628
3249,75495
3250,75744
3251,70538
3252,75951
3253,76471
3254,73873
3255,76597
3256,70714
3257,74153
3258,77236
3259,71240
3260,72422
3261,77568
3262,74507
3263,74732
3264,72716
3265,70620
3266,72816
3267,70917
3268,75347
3269,75486
3270,71968
3271,70722
3272,73350
3273,75946
3274,72197
3275,73511
3276,71184
3277,72301
3278,76318
3279,76489
3280,76598
3281,73914
3282,76601
3283,76866
3284,70518
3285,77008
3286,72369
3287,74291
3288,71191
3289,72443
3290,77406
3291,74434
3292,77626
3293,72410
3294,77614
3295,77577
3296,77573
3297,70379
3298,70725
3299,74521
3300,77683
3301,77539
3302,70088
3303,70817
3304,70911
3305,72322
3306,73409
3307,71234
3308,75107
3309,76856
3310,76315
3311,70796
3312,77447
3313,76468
3314,77390
3315,71636
3316,76289
3317,72864
3318,73188
3319,76836
3320,71377
3321,73412
3322,73795
3323,70694
3324,73735
3325,71617
3326,70238
3327,75719
3328,74384
3329,73602
3330,74751
3331,75535
3332,75541
3333,72801
3334,74784
3335,72610
3336,77337
3337,77275
3338,72756
3339,72751
3340,70182
3341,71804
3342,71153
3343,76628
3344,77270
3345,71790
3346,77510
3347,75810
3348,76295
3349,74199
3350,73696
3351,74998
3352,77434
3353,76753
3354,77264
3355,74151
3356,75939
3357,73403
3358,72848
3359,72800
3360,71095
3361,70787
3362,70755
3363,70131
3364,75960
3365,72214
3366,77588
3367,77790
3368,71936
3369,72916
3370,73968
3371,73013
3372,71970
3373,72538
3374,77850
3375,73189
3376,72650
3377,76575
3378,75306
3379,70684
3380,70899
3381,72693
3382,72174
3383,74395
3384,70287
3385,70442
3386,71146
3387,71695
3388,72349A
3389,71757
3390,75283
3391,74206
3392,75113
3393,73129
3394,74220
3395,77413
3396,73651
3397,76730
3398,76046
3399,76796
3400,75451
3401,70748
3402,72654
3403,77619
3404,74639
3405,74110
3406,76985
3407,77464
3408,73477
3409,76759
3410,76880
3411,72303
3412,71029
3413,75950
3414,75484
3415,70766
3416,70561
3417,74361
3418,76606
3419,75559
3420,77634
3421,71015
3422,72948
3423,70513
3424,73282
3425,70774
3426,74357
3427,70414
3428,76198
3429,71047
3430,75633
3431,76486
3432,72969
3433,77598
3434,73050
3435,71565
3436,70681
3437,70342
3438,74463
3439,73449
3440,74358
3441,70277
3442,74262
3443,70971
3444,75979
3445,73578
3446,75978
3447,76524
3448,71813
3449,75783
3450,73009
3451,74132
3452,75795
3453,75560
3454,76583
3455,76411
3456,74505
3457,74000
3458,77611
3459,73800
3460,75200
3461,77610
3462,77840
3463,74857
3464,74928
3465,74223
3466,77048
3467,75563
3468,77427
3469,77534
3470,77480
3471,77604
3472,75627
3473,77657
3474,75017
3475,75953
3476,76303
3477,76408
3478,74187
3479,73559
3480,73292
3481,77517
3482,77599
3483,77603
3484,77576
3485,77557
3486,77571
3487,77659
3488,73752
3489,75792
3490,77824
3491,75855
3492,77854
3493,74566
3494,73478
3495,73325
3496,74142
3497,74984
3498,73487
3499,73660
3500,74176
3501,75120
3502,72129
3503,71119
3504,72306
3505,73141
3506,70919
3507,70294
3508,72286
3509,72743
3510,71955
3511,70356
3512,70055
3513,72581
3514,71490
3515,71749
3516,72297
3517,72353
3518,72018
3519,70015
3520,71952
3521,72170
3522,72178
3523,71850
3524,72149
3525,71335
3526,72739
3527,70296
3528,72067
3529,73308
3530,70092
3531,76412
3532,76911
3533,76210
3534,73507
3535,76151
3536,74200
3537,73939
3538,77118
3539,72073
3540,75029
3541,72058
3542,76790
3543,72291
3544,76727
3545,74042
3546,77099
3547,77476
3548,75033
3549,74953
3550,74965
3551,75144
3552,71984
3553,71347
3554,75715
3555,76024
3556,76174
3557,76058
3558,75748
3559,71541
3560,71380
3561,76754
3562,77520
3563,77777
3564,75188
3565,72068
3566,70552
3567,71142
3568,70215
3569,70920
3570,70253
3571,70680
3572,71099
3573,71006
3574,71136
3575,71018
3576,70437
3577,75308
3578,74648
3579,75807
3580,73319
3581,73741
3582,75436
3583,70858
3584,76454
3585,72694
3586,70205
3587,72048
3588,72050
3589,75099
3590,70151
3591,70070
3592,73657
3593,73213
3594,71910
3595,73935
3596,75129
3597,75374
3598,76204
3599,71024
3600,71482
3601,71975
3602,74292
3603,72456
3604,70882
3605,75034
3606,77403
3607,76992
3608,75419
3609,77329
3610,72637
3611,75555
3612,70992
3613,76964
3614,70559
3615,73640
3616,74192
3617,70501
3618,75618
3619,76773
3620,73879
3621,74892
3622,74978
3623,75299
3624,75908
3625,73294
3626,71186
3627,70144
3628,77570
3629,73903
3630,70459
3631,74441
3632,72109
3633,70515
3634,75048
3635,70564
3636,75619
3637,70638
3638,75791
3639,70715
3640,70832
3641,76602
3642,71127
3643,73442
3644,73644
3645,77385
3646,77467
3647,77554
3648,77618
3649,77630
3650,77749
3651,73834
3652,70292
3653,76035
3654,74141
3655,72437
3656,77767
3657,77298
3658,75406
3659,76970
3660,73581
3661,76807
3662,74512
3663,70893
3664,77837
3665,77195
3666,76676
3667,71669
3668,76390
3669,71812
3670,76062
3671,76271
3672,72381
3673,74864
3674,74611
3675,72921
3676,74269
3677,77371
3678,76415
3679,71638
3680,76505
3681,76824
3682,75413
3683,70519
3684,75093
3685,73530
3686,70642
3687,75687
3688,70240
3689,74169
3690,72684
3691,76385
3692,70168
3693,73011
3694,74631
3695,72499
3696,71238
3697,77463
3698,77868
3699,72666
3700,71166
3701,71188
3702,70562
3703,77558
3704,73909
3705,77782
3706,72752
3707,71453
3708,70214
3709,70100
3710,74815
3711,76629
3712,74797
3713,77516
3714,75339
3715,74376
3716,77550
3717,70611
3718,74099
3719,70749
3720,71391
3721,70661
3722,75503
3723,75813
3724,70783
3725,72965
3726,70053
3727,74120
3728,74175
3729,70720
3730,70776
3731,71675
3732,71998
3733,76382
3734,73132
3735,73198
3736,75499
3737,73439
3738,73482
3739,70036
3740,74094
3741,70415
3742,74362
3743,74399
3744,74442
3745,70997
3746,77596
3747,77661
3748,77000
3749,76983
3750,77365
3751,77530
3752,77853
3753,71863
3754,74375
3755,70702
3756,71122
3757,70331
3758,71124
3759,77355
3760,77627
3761,76950
3762,72612
3763,75976
3764,77655
3765,70937
3766,70740
3767,71587
3768,73398
3769,77428
3770,71735
3771,74324
3772,71894
3773,77063
3774,76881
3775,77146
3776,76715
3777,76946
3778,77109
3779,74728
3780,77589
3781,75371
3782,76008
3783,77698
3784,75198
3785,77564
3786,77597
3787,76645
3788,75193
3789,75729
3790,75420
3791,74430
3792,70656
3793,74182
3794,73729
3795,73425
3796,73445
3797,70416
3798,70488
3799,74131
3800,74174
3801,74540
3802,74677
3803,72503
3804,72529
3805,72386
3806,72420
3807,71060
3808,72125
3809,70874
3810,73107
3811,73217
3812,70321
3813,73547
3814,70384
3815,73480
3816,73759
3817,71139
3818,77425
3819,73632
3820,71088
3821,71256
3822,71123
3823,77658
3824,72223
3825,74948
3826,71068
3827,74255
3828,72438
3829,72112
3830,73580
3831,72237
3832,72268
3833,74748
3834,76130
3835,77420
3836,72523
3837,77514
3838,70128
3839,74126
3840,75597
3841,74459
3842,73534
3843,73216
3844,72208
3845,76435
3846,76445
3847,71396
3848,76963
3849,75164
3850,70888
3851,76838
3852,74684
3853,73849
3854,70801
3855,72413
3856,72213
3857,70891
3858,75359
3859,72063
3860,70038
3861,73015
3862,70718
3863,76789
3864,77878
3865,72148
3866,76540
3867,70464
3868,73975
3869,75558
3870,76056
3871,71631
3872,74143
3873,76813
3874,74155
3875,73169
3876,72797
3877,71441
3878,71974
3879,77495
3880,76142
3881,73661
3882,74876
3883,77803
3884,77052
3885,72007
3886,73522
3887,71943
3888,71785
3889,77730
3890,76178
3891,76088
3892,75885
3893,71022
3894,74974
3895,72230
3896,73382
3897,72160
3898,73034
3899,74307
3900,74966
3901,77859
3902,77585
3903,77381
3904,76863
3905,73645
3906,70152
3907,72791
3908,74156
3909,70153
3910,71182
3911,72525
3912,76402
3913,73712
3914,74322
3915,76191
3916,74762
3917,72853
3918,70129
3919,74166
3920,74478
3921,75191
3922,72954
3923,72216
3924,72245
3925,72228
3926,76146
3927,72222
3928,74542
3929,72989
3930,76723
3931,76000
3932,77067
3933,75399
3934,74617
3935,70132
3936,75066
3937,74270
3938,70568
3939,76595
3940,71708
3941,70979
3942,71126
3943,71666
3944,73509
3945,76543
3946,70498
3947,74251
3948,71503
3949,76508
3950,77832
3951,70123
3952,75005
3953,76246
3954,71946
3955,73516
3956,72915
3957,75781
3958,76393
3959,71471
3960,76579
3961,70399
3962,76639
3963,71976
3964,70672
3965,71718
3966,75312
3967,77418
3968,76199
3969,77348
3970,77487
3971,73821
3972,70854
3973,70767
3974,74093
3975,73263
3976,75390
3977,75206
3978,70982
3979,74173
3980,74482
3981,74026
3982,73376
3983,71859
3984,73585
3985,71106
3986,70578
3987,72941
3988,73544
3989,73700
3990,72533
3991,74844
3992,77190
3993,70157
3994,77276
3995,74355
3996,77065
3997,76969
3998,74226
3999,74946
4000,71005
4001,70107
4002,76617
4003,73384
4004,70195
4005,75962
4006,70520
4007,74975
4008,77821
4009,72094
4010,74189
4011,75624
4012,72812
4013,72744
4014,71922
4015,76102
4016,71854
4017,75565
4018,71502
4019,74951
4020,71755
4021,72613
4022,76616
4023,70374
4024,75500
4025,73488
4026,75381
4027,71211
4028,77249
4029,74179
4030,73626
4031,71971
4032,71263
4033,75186
4034,73775
4035,76091
4036,73155
4037,73049
4038,77102
4039,74129
4040,71520
4041,74789
4042,70299
4043,70401
4044,75747
4045,70939
4046,74392
4047,72191
4048,73027
4049,77934
4050,77972
4051,72029
4052,77932
4053,71733
4054,72528
4055,73597
4056,77988
4057,74767
4058,75667
4059,71137
4060,73018
4061,73016
4062,72652
4063,71381
4064,75165
4065,74897
4066,70040
4067,74360
4068,74057
4069,77863
4070,75357
4071,77605
4072,77509
4073,76651
4074,77590
4075,76951
4076,77971
4077,75665
4078,76937
4079,77449
4080,77459
4081,75854
4082,77469
4083,77433
4084,76257
4085,75592
4086,76253
4087,73072
4088,70512
4089,73825
4090,74124
4091,74191
4092,74625
4093,70318
4094,70093
4095,70704
4096,70137
4097,74446
4098,70220
4099,74779
4100,74985
4101,71148
4102,70397
4103,73017
4104,73123
4105,73230
4106,70576
4107,73686
4108,71941
4109,73974
4110,74265
4111,74231
4112,74350
4113,72320
4114,70166
4115,71039
4116,74813
4117,71203
4118,74983
4119,75302
4120,77114
4121,75740
4122,70977
4123,72510
4124,73668
4125,76525
4126,76614
4127,76410
4128,75281
4129,75238
4130,71637
4131,75223
4132,72919
4133,76231
4134,70701
4135,71776
4136,70232
4137,74538
4138,73772
4139,72366
4140,72472
4141,73724
4142,77858
4143,71518
4144,74828
4145,76422
4146,72824
4147,71440
4148,75267
4149,77936
4150,70972
4151,70230
4152,73347
4153,73183
4154,72204
4155,71348
4156,77987
4157,72398
4158,77981
4159,72400
4160,77959
4161,73782
4162,75547
4163,77970
4164,77942
4165,74604
4166,77703
4167,72227
4168,77227
4169,71978
4170,72071
4171,72006
4172,73774
4173,73771
4174,72636
4175,72159
4176,71574
4177,72706
4178,73743
4179,77748
4180,71107
4181,77444
4182,75498
4183,77376
4184,72231
4185,77013
4186,74203
4187,74503
4188,72836
4189,76724
4190,75454
4191,75787
4192,77188
4193,75196
4194,75025
4195,70736
4196,70313
4197,77299
4198,70306
4199,70557
4200,70073
4201,75332
4202,70019
4203,77696
4204,76500
4205,77904
4206,75232
4207,74117
4208,72702
4209,75528
4210,72779
4211,73799
4212,77962
4213,72097
4214,73004
4215,70376
4216,71609
4217,75678
4218,71908
4219,75412
4220,71097
4221,74607
4222,76451
4223,74754
4224,72439
4225,75109
4226,77210
4227,77035
4228,70082
4229,71329
4230,72924
4231,75358
4232,75491
4233,71198
4234,74699
4235,76159
4236,74532
4237,76251
4238,76275
4239,76501
4240,76143
4241,71479
4242,76026
4243,71545A
4244,72746
4245,76872
4246,71425
4247,74178
4248,77138
4249,76033
4250,76351
4251,74272
4252,72415
4253,72106
4254,73237
4255,70435
4256,76517
4257,71501
4258,74793
4259,72425
4260,70059
4261,76120
4262,74624
4263,72624
4264,75652
4265,76868
4266,76567
4267,71257
4268,77690
4269,75136
4270,71287
4271,72572
4272,70510
4273,70002
4274,74738
4275,76479
4276,70186
4277,70990
4278,71105
4279,77091
4280,72055
4281,74875
4282,73000
4283,75643
4284,71573
4285,77606
4286,77372
4287,75169
4288,75927
4289,73969
4290,75166
4291,75067
4292,70441
4293,71539
4294,70440
4295,71432
4296,75825
4297,72645
4298,74755
4299,74735
4300,74719
4301,72942
4302,70940
4303,75471
4304,72110
4305,74405
4306,77205
4307,76256
4308,71545
4309,70370
4310,72388
4311,72556
4312,75114
4313,77435
4314,70458
4315,71176
4316,74098
4317,76695
4318,74090
4319,72451
4320,74389
4321,72738
4322,70836
4323,73863
4324,72454
4325,73997
4326,77820
4327,74615
4328,70732
4329,74353
4330,73116
4331,73379
4332,72251
4333,70407
4334,76197
4335,76172
4336,76067
4337,71067
4338,74382
4339,72658
4340,74588
4341,75106
4342,74056
4343,70636
4344,74792
4345,70892
4346,74224
4347,76307
4348,77287
4349,77277
4350,71814
4351,72220
4352,73262
4353,76594
4354,73748
4355,71135
4356,74527
4357,75915
4358,76386
4359,72211
4360,74972
4361,74194
4362,76638
4363,75020
4364,71021
4365,74863
4366,73642
4367,75496
4368,70980
4369,72785
4370,72717
4371,73526
4372,70368
4373,71157
4374,76059
4375,72134
4376,76003
4377,75177
4378,70688
4379,71199
4380,74490
4381,74952
4382,74084
4383,72660
4384,74293
4385,71326
4386,76503
4387,73856
4388,75816
4389,77373
4390,70256
4391,77882
4392,77880
4393,77716
4394,76740
4395,75084
4396,70103
4397,77393
4398,72229
4399,72321
4400,71061
4401,70006
4402,75864
4403,75397
4404,77884
4405,75380
4406,74139
4407,72157
4408,75901
4409,71748
4410,73731
4411,76036
4412,71274
4413,72913
4414,71703
4415,77890
4416,74830
4417,77818
4418,74678
4419,70789
4420,72206
4421,76457
4422,71580
4423,76420
4424,71862
4425,76238
4426,74193
4427,73727
4428,70957
4429,76775
4430,72855
4431,75365
4432,71917
4433,73067
4434,74555
4435,75712
4436,74955
4437,75056
4438,73864
4439,73195
4440,77233
4441,74119
4442,76539
4443,70270
4444,70450
4445,75616
4446,75287
4447,74125
4448,72822
4449,73167
4450,72729
4451,71278
4452,75012
4453,70754
4454,73194
4455,73429
4456,74739
4457,74765
4458,71740
4459,73063
4460,70134
4461,74877
4462,72726
4463,75473
4464,72758
4465,74552
4466,74264
4467,71848
4468,75510
4469,71618
4470,74374
4471,75905
4472,71521
4473,71560
4474,74687
4475,76277
4476,76903
4477,75143
4478,77889
4479,70994
4480,77624
4481,73040
4482,75364
4483,71961
4484,77609
4485,77779
4486,71960
4487,72045
4488,76063
4489,70924
4490,73664
4491,70251
4492,74312
4493,72711
4494,71923
4495,70139
4496,76832
4497,76115
4498,74089
4499,74492
4500,71505
4501,72783
4502,75515
4503,76223
4504,70297
4505,72315
4506,72966
4507,74979
4508,73812
4509,76929
4510,70198
4511,73421
4512,74676
4513,70741
4514,72972
4515,73996
4516,70621
4517,72932
4518,73870
4519,72267
4520,71350
4521,70765
4522,70304
4523,71911
4524,74537
4525,72609
4526,72458
4527,76904
4528,72512
4529,72511
4530,71743
4531,70353
4532,73062
4533,74685
4534,72323
4535,77737
4536,75605
4537,70425
4538,74422
4539,77771
4540,74416
4541,74596
4542,72998
4543,76852
4544,75931
4545,74244
4546,74703
4547,75530
4548,76245
4549,71151
4550,77483
4551,70248
4552,76426
4553,76331
4554,76837
4555,72276
4556,71890
4557,76528
4558,71226
4559,77353
4560,70873
4561,76989
4562,75723
4563,71687
4564,72649
4565,74556
4566,73312
4567,70085
4568,74914
4569,74562
4570,75452
4571,73947
4572,71363
4573,71014
4574,73134
4575,72136
4576,75305
4577,77443
4578,76057
4579,77891
4580,77793
4581,73357
4582,75463
4583,74606
4584,70532
4585,74543
4586,77780
4587,74148
4588,70540
4589,75480
4590,72710
4591,76436
4592,76423
4593,76171
4594,76028
4595,75958
4596,76448
4597,75596
4598,73099
4599,72814
4600,75481
4601,72418
4602,72990
4603,71881
4604,70828
4605,76905
4606,77600
4607,77044
4608,73153
4609,73814
4610,76175
4611,75645
4612,72586
4613,73886
4614,71239
4615,74277
4616,75913
4617,71112
4618,73318
4619,75119
4620,74541
4621,75466
4622,70705
4623,72820
4624,76176
4625,71914
4626,76555
4627,72421
4628,72074
4629,71571
4630,75023
4631,71601
4632,75110
4633,73798
4634,72936
4635,71944
4636,70646
4637,71272
4638,72927
4639,70322
4640,75940
4641,75875
4642,71937
4643,77756
4644,70544
4645,75832
4646,73932
4647,70150
4648,76126
4649,70852
4650,77729
4651,74539
4652,74949
4653,72850
4654,73233
4655,75631
4656,77503
4657,73730
4658,75694
4659,72210
4660,75111
4661,73334
4662,74363
4663,74821
4664,71389A
4665,72621
4666,73452
4667,76783
4668,74519
4669,71069
4670,72405
4671,73391
4672,75262
4673,77816
4674,70819
4675,76309
4676,73874
4677,75724
4678,73531
4679,76847
4680,76211
4681,72135
4682,75069
4683,75291
4684,72595
4685,73683
4686,76013
4687,73723
4688,72014
4689,75992
4690,71174
4691,77308
4692,75988
4693,77982
4694,77956
4695,76894
4696,77268
4697,76424
4698,77217
4699,71603
4700,74895
4701,73940
4702,73853
4703,76300
4704,72430
4705,73091
4706,72200
4707,71533
4708,72091
4709,72671
4710,76407
4711,70431
4712,71063
4713,74460
4714,73763
4715,72703
4716,74730
4717,74773
4718,72254
4719,70345
4720,71297
4721,77923
4722,73002A
4723,72902
4724,73241
4725,73614
4726,72419
4727,70286
4728,71644
4729,71839
4730,72128
4731,75818
4732,70400
4733,74608
4734,72434
4735,75355
4736,76249
4737,74177
4738,74756
4739,75145
4740,75158
4741,75762
4742,74221
4743,74300
4744,73136
4745,75174
4746,75297
4747,75116
4748,71613
4749,73443
4750,73598
4751,72202
4752,70602
4753,76885
4754,77037
4755,75636
4756,72757
4757,72539
4758,70560
4759,70558
4760,74241
4761,72244
4762,72024
4763,77267
4764,76485
4765,74701
4766,71009
4767,77129
4768,72000
4769,76692
4770,72337
4771,71455
4772,70908
4773,77125A
4774,74887
4775,73519
4776,75250
4777,76874
4778,72316
4779,76798
4780,71481
4781,77019
4782,76018
4783,74775
4784,72634
4785,70077
4786,75733
4787,77901
4788,75907
4789,70708
4790,76377
4791,75032
4792,76208
4793,73770
4794,75130
4795,75082
4796,74254
4797,77090
4798,75123
4799,74819
4800,71808
4801,70091
4802,70500
4803,77836
4804,73776
4805,75018
4806,74859
4807,70676
4808,71421
4809,76656
4810,73625
4811,71346
4812,74518
4813,70165
4814,74569
4815,77274
4816,71213
4817,73313
4818,75677
4819,72632
4820,76564
4821,71622
4822,70247
4823,75160
4824,73679
4825,77315
4826,71419
4827,76635
4828,70550
4829,75804
4830,77919
4831,77783
4832,71507
4833,72770
4834,73910A
4835,77735
4836,72869
4837,73991
4838,72072
4839,76949
4840,74572
4841,77654
4842,77753
4843,72894
4844,75806
4845,72339
4846,74281
4847,74691
4848,77750
4849,71040
4850,70484
4851,71002
4852,70687
4853,76782
4854,71394
4855,76556
4856,71117
4857,77006
4858,70069
4859,71489
4860,70930
4861,73242
4862,73797
4863,75973
4864,70239
4865,70110
4866,77872
4867,76361
4868,72980
4869,71221
4870,70390
4871,74962
4872,70330
4873,74097
4874,73803
4875,72131
4876,74385
4877,73807
4878,75829
4879,77054
4880,76696
4881,70455
4882,70025
4883,74729
4884,75965
4885,76897
4886,76701
4887,76006
4888,70260
4889,74778
4890,73652
4891,70985
4892,72673
4893,72546
4894,77392
4895,72993A
4896,71360
4897,70834
4898,74785
4899,77140
4900,75432
4901,72146
4902,74661
4903,74367
4904,74121
4905,70341
4906,72357
4907,77232
4908,71125
4909,70509
4910,75047
4911,73817
4912,77511
4913,70216
4914,72943
4915,76502
4916,74637
4917,71688
4918,74468
4919,71981
4920,77201
4921,73002
4922,74826
4923,77216
4924,71368
4925,70171
4926,72379
4927,73993
4928,74515
4929,73052
4930,77058
4931,72411
4932,73390
4933,73021
4934,75326
4935,76240
4936,75433
4937,74680
4938,74211
4939,76113
4940,74003
4941,76090
4942,76248
4943,72431
4944,71827
4945,73980
4946,71650
4947,72922
4948,73690
4949,72565
4950,76609
4951,74718
4952,74364
4953,72977
4954,70839
4955,75185
4956,75329
4957,77547
4958,70360
4959,70402
4960,74238
4961,71568
4962,76155
4963,76623
4964,70634
4965,76752
4966,75803
4967,71739
4968,72349
4969,73156
4970,73705
4971,72250
4972,70300
4973,76325
4974,75815
4975,70824
4976,73170
4977,71753
4978,72019
4979,70319
4980,75582
4981,76893
4982,74455
4983,72520
4984,76173
4985,74885
4986,72126
4987,76087
4988,73353
4989,77120
4990,75959
4991,70925
4992,70779
4993,75338
4994,75649
4995,75714
4996,71736
4997,76011
4998,77852
4999,74510
5000,70309
5001,70237
5002,75969
5003,70184
5004,71866
5005,70807
5006,72407
5007,74749
5008,74938
5009,75181
5010,70829
5011,72905
5012,74922
5013,70775
5014,75039
5015,71717
5016,73486
5017,70751
5018,74372
5019,74675
5020,71012
5021,75138
5022,70185
5023,70016
5024,71731
5025,73745
5026,73032
5027,74314
5028,70276
5029,74204
5030,76110
5031,76800
5032,73446
5033,75971
5034,77038
5035,73608
5036,75327
5037,74627
5038,74632
5039,75384
5040,75351
5041,77422
5042,71383
5043,71214
5044,75952
5045,75581
5046,75065
5047,76908
5048,76814
5049,72547
5050,72940
5051,72299
5052,71832
5053,70003
5054,70901
5055,75195
5056,74900
5057,73609
5058,71879
5059,73369
5060,76604
5061,70083
5062,72854
5063,77593
5064,75449
5065,74650
5066,76019
5067,75888
5068,76910
5069,74563
5070,73944
5071,70138
5072,70180
5073,72607
5074,70167
5075,72387
5076,72140
5077,75793
5078,77310
5079,71506
5080,75578
5081,77615
5082,77711
5083,74424
5084,74311
5085,77211
5086,70644
5087,74170
5088,77316
5089,70196
5090,73569
5091,71193
5092,76691
5093,76663
5094,76670
5095,77845
5096,70449
5097,70827
5098,76661
5099,75286
5100,75064
5101,74564
5102,76686
5103,76982
5104,73934
5105,71483
5106,77897
5107,77047
5108,77156
5109,77219
5110,70678
5111,73714
5112,71611
5113,71670
5114,73813
5115,71809
5116,70612
5117,73232
5118,73484
5119,73815
5120,75417
5121,74069
5122,74470
5123,77578
5124,76589
5125,76603
5126,74456
5127,70675
5128,74994
5129,75221
5130,71486
5131,77407
5132,77370
5133,71195
5134,70563
5135,70650
5136,74704
5137,76625
5138,75537
5139,75550
5140,76095
5141,71451
5142,72496
5143,75268
5144,70271
5145,70673
5146,71511
5147,70141
5148,75589
5149,76344
5150,77864
5151,71767
5152,72309
5153,72171
5154,71564
5155,70505
5156,77049
5157,73551
5158,75603
5159,71771
5160,74846
5161,74581
5162,76665
5163,77555
5164,71509
5165,73179
5166,75669
5167,75877
5168,72516
5169,76898
5170,74643
5171,76262
5172,70503
5173,74860
5174,70962
5175,71412
5176,76731
5177,73979
5178,76901
5179,72675
5180,76261
5181,75777
5182,70244
5183,76374
5184,74891
5185,72620
5186,71189
5187,70030
5188,76573
5189,74469
5190,76726
5191,75722
5192,70241
5193,70275
5194,70884
5195,70413
5196,70956
5197,75215
5198,71134
5199,76346
5200,76552
5201,71019
5202,74337
5203,73043
5204,71924
5205,70953
5206,71852
5207,70516
5208,70821
5209,71895
5210,71777
5211,70079
5212,73068
5213,72079
5214,75759A
5215,76335
5216,72699
5217,73784
5218,72370
5219,75695
5220,75705
5221,75760
5222,77515
5223,77620
5224,71700
5225,73351
5226,75316
5227,74990
5228,71514
5229,77608
5230,77594
5231,77213
5232,72646
5233,73440
5234,75909
5235,70830
5236,73214
5237,70524
5238,77283
5239,76913
5240,75000
5241,75216
5242,76470
5243,70517
5244,72908
5245,72290
5246,72278
5247,72039
5248,72910
5249,73125
5250,70242
5251,70922
5252,76630A
5253,73229
5254,77569
5255,77100
5256,73101
5257,71405
5258,71074
5259,74743
5260,72139
5261,73552
5262,71376
5263,71715
5264,70444
5265,70777
5266,75377
5267,71726
5268,77945
5269,76664
5270,73747
5271,77294
5272,70462
5273,72888
5274,72317
5275,76177
5276,75027
5277,74396
5278,71566
5279,71698
5280,77364
5281,77281
5282,76996
5283,71170
5284,71928
5285,73543
5286,73665
5287,74066
5288,74610
5289,73922
5290,72051
5291,73058
5292,75460
5293,70588
5294,75264
5295,70229
5296,76252
5297,75957
5298,74589
5299,71075
5300,72295
5301,70219
5302,73196
5303,77794
5304,75593
5305,70257
5306,70007
5307,75701
5308,72408
5309,76222
5310,77579
5311,73582
5312,75968
5313,71747
5314,71951
5315,72984
5316,73584
5317,73529
5318,77731
5319,75400
5320,77395
5321,71780
5322,75943
5323,73030
5324,71299
5325,75112
5326,73936
5327,77133
5328,75261
5329,70024
5330,75691
5331,77740
5332,73623
5333,72084
5334,76292
5335,70591
5336,71985
5337,70596
5338,70325
5339,70542
5340,74428
5341,73654
5342,77254
5343,72460
5344,72155
5345,70747
5346,70778
5347,70222
5348,76433
5349,74696
5350,70235
5351,71036
5352,77835
5353,75241
5354,76831
5355,73389
5356,74590
5357,77239
5358,77340
5359,76870
5360,73628
5361,74248
5362,73682
5363,70614
5364,73159
5365,77197
5366,77001
5367,72793
5368,70907
5369,71491
5370,77032
5371,70696
5372,77082
5373,75122
5374,71228
5375,76156
5376,71956
5377,73291
5378,70176
5379,73135
5380,77552
5381,74453
5382,75961
5383,75923
5384,73380
5385,76459
5386,70126
5387,73978
5388,70580
5389,73193
5390,75588
5391,76391
5392,75924
5393,72579
5394,71343
5395,76546
5396,77331
5397,74487
5398,72851
5399,74818
5400,73648
5401,75204
5402,73053
5403,71792
5404,71957
5405,72003
5406,76518
5407,73876
5408,77879
5409,70734
5410,72806
5411,74236
5412,74302
5413,73114
5414,74644
5415,70877
5416,71572
5417,76972
5418,75826
5419,73047
5420,76270
5421,76097
5422,73404
5423,76029
5424,76747
5425,71141
5426,70423
5427,72821
5428,72571
5429,71235
5430,76462
5431,77809
5432,77704
5433,71623
5434,76160
5435,71585
5436,73441
5437,75947
5438,72524
5439,70546
5440,73924
5441,71072
5442,76981
5443,71532
5444,70595
5445,70284
5446,70419
5447,73946
5448,73042
5449,74870
5450,73634
5451,74956
5452,70813
5453,71602
5454,75752
5455,76280
5456,77383
5457,73801
5458,71992
5459,73948
5460,72203
5461,76882
5462,74599
5463,77738
5464,76858
5465,75234
5466,75255
5467,70267
5468,70378
5469,77839
5470,76398
5471,77240
5472,76141
5473,75771
5474,75058
5475,75906
5476,71003
5477,75853
5478,74091
5479,75125
5480,75574
5481,72143
5482,71409
5483,77295
5484,76458
5485,73744
5486,72137
5487,71333
5488,74664
5489,74294
5490,77734
5491,70062
5492,70707
5493,74268
5494,74554
5495,74499
5496,70461
5497,75071
5498,72249
5499,76891
5500,77068
5501,74810
5502,70671
5503,73249
5504,77263
5505,77247
5506,77842
5507,75745
5508,75766
5509,72371
5510,70618
5511,74295
5512,75175
5513,71689
5514,72119
5515,70600
5516,70809
5517,74517
5518,70995
5519,74733
5520,72732
5521,72269
5522,76014
5523,71433
5524,74565
5525,71548
5526,74772
5527,77829
5528,73912
5529,70731
5530,71872
5531,76073
5532,75469
5533,75244
5534,70667
5535,77379
5536,70049
5537,71181
5538,73858
5539,73512
5540,70717
5541,74856
5542,74329
5543,70018
5544,73746
5545,72813
5546,77421
5547,72199
5548,72037
5549,76481
5550,74313
5551,70825
5552,74996
5553,77471
5554,70350
5555,73094
5556,70001
5557,77877
5558,77147
5559,73407
5560,73659
5561,72038
5562,73405
5563,74995
5564,72661
5565,75043
5566,74280
5567,77722
5568,71353
5569,76746
5570,76480
5571,70934
5572,76228
5573,72455
5574,74925
5575,75478
5576,74009
5577,75290
5578,76243
5579,73527
5580,75479
5581,72479
5582,70724
5583,75230
5584,75229
5585,72886
5586,71163
5587,71600
5588,73290
5589,72731
5590,75180
5591,71254
5592,73423
5593,74049
5594,71913
5595,70967
5596,72142
5597,70943
5598,71259
5599,71149
5600,75621
5601,74485
5602,73328
5603,72195
5604,77426
5605,74918
5606,74050
5607,76364
5608,71487
5609,76372
5610,74879
5611,71964
5612,74649
5613,71569
5614,73128
5615,71684
5616,72279
5617,76978
5618,72025
5619,72630
5620,70192
5621,71871
5622,74369
5623,76545
5624,77271
5625,77342
5626,76288
5627,75819
5628,73087
5629,71926
5630,74640
5631,72448
5632,75998
5633,73819
5634,72718
5635,74087
5636,77324
5637,77612
5638,76418
5639,75225
5640,77622
5641,72507
5642,76463
5643,75991
5644,75046
5645,72193
5646,70770
5647,77848
5648,72931
5649,77713
5650,77127
5651,73528
5652,72580
5653,73836
5654,72027
5655,76738
5656,73255
5657,71932
5658,72062
5659,76041
5660,74902
5661,71395
5662,71268
5663,72272
5664,73620
5665,70697
5666,73675
5667,74976
5668,76060
5669,73180
5670,74800
5671,70584
5672,72234
5673,76568
5674,76510
5675,72815
5676,73236
5677,77363
5678,71857
5679,72985
5680,77356
5681,72377
5682,72515
5683,73610
5684,75827
5685,74378
5686,75254
5687,76599
5688,76979
5689,73536
5690,71947
5691,77473
5692,72081
5693,76268
5694,76380
5695,70585
5696,74825
5697,73951
5698,70539
5699,76381
5700,73810
5701,74603
5702,72975
5703,74417
5704,74852
5705,72065
5706,72461
5707,70589
5708,77595
5709,75458
5710,71310
5711,71386
5712,72004
5713,76329
5714,70490
5715,70742
5716,74232
5717,75634
5718,73619
5719,74327
5720,76250
5721,75525
5722,77154
5723,76817
5724,70534
5725,77745
5726,71713
5727,72064
5728,70118
5729,77580
5730,71269
5731,75858
5732,77808
5733,77747
5734,74692
5735,75896
5736,70155
5737,72714
5738,71967
5739,70637
5740,77784
5741,77727
5742,70840
5743,71337
5744,72682
5745,71480
5746,72085
5747,77706
5748,75523
5749,76572
5750,70326
5751,73973
5752,74082
5753,74500
5754,73717
5755,75324
5756,75580
5757,75935
5758,76045
5759,71769
5760,76461
5761,73725
5762,75455
5763,77847
5764,74425
5765,73148
5766,71858
5767,74698
5768,74152
5769,71104
5770,74861
5771,74742
5772,74394
5773,74968
5774,76365A
5775,76634
5776,72719
5777,73154
5778,74658
5779,75233
5780,76721
5781,73848
5782,76284
5783,74198
5784,73653
5785,74046
5786,76221
5787,73961
5788,71085
5789,74705
5790,73113
5791,72352
5792,77163
5793,76225
5794,70508
5795,70086
5796,77089
5797,71388
5798,74799
5799,72033
5800,71716
5801,72173
5802,71485
5803,74079
5804,71523
5805,71447
5806,74245
5807,77066
5808,75956
5809,71043
5810,74865
5811,71892
5812,77726
5813,77252
5814,76050
5815,72329
5816,76255
5817,72034
5818,75708
5819,75686
5820,77183
5821,70590
5822,75108
5823,71222
5824,77289
5825,72196
5826,71834
5827,77802
5828,75517
5829,73066
5830,71367
5831,73785
5832,71653
5833,71026
5834,70659
5835,70320
5836,72180
5837,73681
5838,74325
5839,70606
5840,75822
5841,71436
5842,71665
5843,75706
5844,72294
5845,71903
5846,73882
5847,74551
5848,77993
5849,73764
5850,76703
5851,74621
5852,77765
5853,70965
5854,77519
5855,73788
5856,72799
5857,75934
5858,72348
5859,76768
5860,70961
5861,70670
5862,70811
5863,70426
5864,70976
5865,75828
5866,74001
5867,74349
5868,73540
5869,76133
5870,70963
5871,74085
5872,71382
5873,72762
5874,70236
5875,74064
5876,72107
5877,73895
5878,71931
5879,77856
5880,74484
5881,76538
5882,71219
5883,76365
5884,74095
5885,72270
5886,71599
5887,75051
5888,71130
5889,75171
5890,75983
5891,70569
5892,75780
5893,75533
5894,77336
5895,75635
5896,76472
5897,72436
5898,71840
5899,75487
5900,70154
5901,74137
5902,70615
5903,72108
5904,75430
5905,77222
5906,71802
5907,72513
5908,74118
5909,74234
5910,72083
5911,72627
5912,75726
5913,74083
5914,77895
5915,71476
5916,70784
5917,73783
5918,73777
5919,74258
5920,70806
5921,71522
5922,73990
5923,74595
5924,70445
5925,77207
5926,71429
5927,77436
5928,73406
5929,74150
5930,72060
5931,76400
5932,72823
5933,73931
5934,70941
5935,74186
5936,72414
5937,73641
5938,75922
5939,71768
5940,71355
5941,72683
5942,73044
5943,77912
5944,71464
5945,75867
5946,74411
5947,71817
5948,76103
5949,74215
5950,72121
5951,72117
5952,77952
5953,75146
5954,73721
5955,75808
5956,73898
5957,70631
5958,73333
5959,76632
5960,72052
5961,75431
5962,72459
5963,77243
5964,76859
5965,70405
5966,76121
5967,77826
5968,73144
5969,76530
5970,77234
5971,76117
5972,71408
5973,70890
5974,73451
5975,73468
5976,76704
5977,76843
5978,70429
5979,72890
5980,73454
5981,70511
5982,72179
5983,76541
5984,74276
5985,70428
5986,73533
5987,74605
5988,77095
5989,74954
5990,77257
5991,76273
5992,77781
5993,75623
5994,70826
5995,71030
5996,71784
5997,70347
5998,72318
5999,77776
6000,70528
6001,73894
6002,76181
6003,71390
6004,73685
6005,71578
6006,76394
6007,74054
6008,71579
6009,73646
6010,74257
6011,75871
6012,76521
6013,74310
6014,76801
6015,75438
6016,76278
6017,71844
6018,72861
6019,72724
6020,70008
6021,77301
6022,77810
6023,74309
6024,75986
6025,71526
6026,76082
6027,71303
6028,75279
6029,72774
6030,71930
6031,72475
6032,77269
6033,70327
6034,74190
6035,72221
6036,77507
6037,71581
6038,75750
6039,72955
6040,70365
6041,71801
6042,76425
6043,70529
6044,72280
6045,71286
6046,70457
6047,75001
6048,76940
6049,76585
6050,76857
6051,76213
6052,72447
6053,70403
6054,75248
6055,70537
6056,75785
6057,70340
6058,71495
6059,71076
6060,70547
6061,72734
6062,70430
6063,75955
6064,75529
6065,74850
6066,76316
6067,73010
6068,75514
6069,77811
6070,77368
6071,71530
6072,73019
6073,73455
6074,76650
6075,74783
6076,76161
6077,72190
6078,72256
6079,76955
6080,77787
6081,71791
6082,70051
6083,72115
6084,73910
6085,72740
6086,73234
6087,75028
6088,71073
6089,76563
6090,74931
6091,76108
6092,74242
6093,76269
6094,73854
6095,74365
6096,75577
6097,74568
6098,74557
6099,75891
6100,74795
6101,75743
6102,73704
6103,76122
6104,75060
6105,74973
6106,74391
6107,75342
6108,74387
6109,74924
6110,77015
6111,75307
6112,73923
6113,75405
6114,77481
6115,75610
6116,73542
6117,76888
6118,76886
6119,73299
6120,73408
6121,70690
6122,70881
6123,72840
6124,72261
6125,72995
6126,72487
6127,72959
6128,70109
6129,70623
6130,70054
6131,75227
6132,77827
6133,74997
6134,74165
6135,72605
6136,73790
6137,73327
6138,71305
6139,76114
6140,76732
6141,76708
6142,73910B
6143,74243
6144,72544
6145,75910
6146,71293
6147,74811
6148,75328
6149,70314
6150,71158
6151,75897
6152,74011
6153,76496
6154,75450
6155,77369
6156,74657
6157,74366
6158,74033
6159,76294
6160,70210
6161,70846
6162,76516
6163,73038
6164,71730
6165,75502
6166,76642
6167,76034
6168,72393
6169,76776
6170,75361
6171,74910
6172,75812
6173,71656
6174,71397
6175,72787
6176,70044
6177,75314
6178,72795
6179,71185
6180,72606
6181,71805
6182,73787
6183,73458
6184,71905
6185,76834
6186,74752
6187,73843
6188,73378
6189,74048
6190,72281
6191,71728
6192,74626
6193,70928
6194,73868
6195,71980
6196,72308
6197,73475
6198,71196
6199,77323
6200,70323
6201,77653
6202,74609
6203,72395
6204,70010
6205,74689
6206,77256
6207,75620
6208,71357
6209,77770
6210,73345
6211,76395
6212,73418
6213,72288
6214,71504
6215,77546
6216,73615
6217,74010
6218,70042
6219,71474
6220,75447
6221,76865
6222,70068
6223,74656
6224,74171
6225,71098
6226,74774
6227,76899
6228,76504
6229,74927
6230,75725
6231,73393
6232,74483
6233,70978
6234,77416
6235,74504
6236,71633
6237,72287
6238,74982
6239,71664
6240,70147
6241,72587
6242,74271
6243,70592
6244,74160
6245,73500
6246,71915
6247,74808
6248,75617
6249,70660
6250,71705
6251,73517
6252,73177
6253,70786
6254,77417
6255,77940
6256,71789
6257,76828
6258,77472
6259,75467
6260,75970
6261,72687
6262,70706
6263,71212
6264,75662
6265,70861
6266,70348
6267,74741
6268,72168
6269,75182
6270,74731
6271,76447
6272,71765
6273,73680
6274,71304
6275,72911
6276,75975
6277,75556
6278,73433
6279,71035
6280,76078
6281,71144
6282,76356
6283,75671
6284,70951
6285,74653
6286,70689
6287,71577
6288,71027
6289,72095
6290,73160
6291,75375
6292,73957
6293,76267
6294,72541
6295,71338
6296,73622
6297,70506
6298,74340
6299,76129
6300,72733
6301,70871
6302,76637
6303,75659
6304,77002
6305,72643
6306,76441
6307,74476
6308,73766
6309,70279
6310,76522
6311,71328
6312,72659
6313,73456
6314,73662
6315,75019
6316,70101
6317,72992
6318,74912
6319,73847
6320,74558
6321,75880
6322,74445
6323,72118
6324,72462
6325,74866
6326,70816
6327,75902
6328,75673
6329,72219
6330,72506
6331,77721
6332,73076
6333,70178
6334,77204
6335,75520
6336,70968
6337,76736
6338,71589
6339,76948
6340,71690
6341,76620
6342,70567
6343,74297
6344,75173
6345,71582
6346,76669
6347,72368
6348,76769
6349,75851
6350,74862
6351,72011
6352,73003
6353,70964
6354,70812
6355,74467
6356,75999
6357,74547
6358,72626
6359,74939
6360,71366
6361,75274
6362,74736
6363,75873
6364,72925
6365,77164
6366,73077
6367,77688
6368,75366
6369,74250
6370,70716
6371,73805
6372,75249
6373,76216
6374,74403
6375,76214
6376,77701
6377,76469
6378,77475
6379,74495
6380,70999
6381,75758
6382,74646
6383,76795
6384,74921
6385,73078
6386,77823
6387,73532
6388,72061
6389,71277
6390,77293
6391,70632
6392,71902
6393,70305
6394,72156
6395,71439
6396,76070
6397,76330
6398,71308
6399,75163
6400,70541
6401,70283
6402,72275
6403,71868
6404,70084
6405,73467
6406,77106
6407,74501
6408,71110
6409,71294
6410,71799
6411,73708
6412,70098
6413,71551
6414,73014
6415,72225
6416,75852
6417,70161
6418,76311
6419,74614
6420,77742
6421,75604
6422,73635
6423,73137
6424,76591
6425,73952
6426,77411
6427,76037
6428,72289
6429,74947
6430,74597
6431,76945
6432,75730
6433,72273
6434,70463
6435,76474
6436,77023
6437,72116
6438,74949A
6439,75788
6440,72981
6441,75869
6442,75798
6443,73913
6444,73131
6445,72670
6446,75402
6447,74088
6448,74709
6449,75883
6450,71954
6451,73124
6452,77694
6453,75887
6454,71498
6455,71345
6456,73158
6457,70014
6458,77347
6459,71011
6460,76687
6461,71220
6462,70179
6463,72655
6464,75050
6465,77838
6466,76387
6467,75751
6468,74479
6469,72282
6470,76319
6471,72075
6472,76806
6473,77754
6474,77527
6475,77512
6476,70203
6477,71671
6478,73621
6479,77798
6480,70493
6481,71191A
6482,75300
6483,71803
6484,75796
6485,75948
6486,70067
6487,70648
6488,77451
6489,72330
6490,71800
6491,77007
6492,71190
6493,73822
6494,74559
6495,75802
6496,74317
6497,74237
6498,77831
6499,75872
6500,72796
6501,71626
6502,71379
6503,70870
6504,71358
6505,72794
6506,77973
6507,74489
6508,77017
6509,75506
6510,70651
6511,71950
6512,74451
6513,77761
6514,75470
6515,72811
6516,75414
6517,74851
6518,73219
6519,72427
6520,73508
6521,74494
6522,74511
6523,73789
6524,77989
6525,77553
6526,73762
6527,75929
6528,75642
6529,73781
6530,70453
6531,75904
6532,72399
6533,72165
6534,70535
6535,71916
6536,72030
6537,70395
6538,71413
6539,73738
6540,74229
6541,75179
6542,75360
6543,77964
6544,73520
6545,77943
6546,75797
6547,70043
6548,72892
6549,73352
6550,75457
6551,75937
6552,77996
6553,71044
6554,76592
6555,70960
6556,72092
6557,71001
6558,73430
6559,73878
6560,70703
6561,70800
6562,72604
6563,76947
6564,75982
6565,71459
6566,77317
6567,71322
6568,71898
6569,74802
6570,70841
6571,73838
6572,75059
6573,73060
6574,72599
6575,72343
6576,75656
6577,77159
6578,74315
6579,70273
6580,75101
6581,75295
6582,75835
6583,75518
6584,74592
6585,77680
6586,75861
6587,76875
6588,74561
6589,75570
6590,75849
6591,76244
6592,77697
6593,77849
6594,73020
6595,70514
6596,71038
6597,71230
6598,71969
6599,72557
6600,76571
6601,70136
6602,76069
6603,74549
6604,73541
6605,73896
6606,71607
6607,72355
6608,77814
6609,77450
6610,75010
6611,76357
6612,70757
6613,76192
6614,74334
6615,76239
6616,75049
6617,73855
6618,70344
6619,75984
6620,72440
6621,71640
6622,72463
6623,77220
6624,77524
6625,71773
6626,73342
6627,77237
6628,76132
6629,70380
6630,76094
6631,77466
6632,71344
6633,73773
6634,77499
6635,77582
6636,70504
6637,71298
6638,70603
6639,73343
6640,74246
6641,71217
6642,73985
6643,72153
6644,72154
6645,72867
6646,76678
6647,74531
6648,70434
6649,74464
6650,71192
6651,70122
6652,70970
6653,71641
6654,70692
6655,76259
6656,73890
6657,77149
6658,72350
6659,75410
6660,71475
6661,70918
6662,74028
6663,76864
6664,74022
6665,73092
6666,73285
6667,73667
6668,76619
6669,71709
6670,75993
6671,77382
6672,76812
6673,70625
6674,76477
6675,73175
6676,75501
6677,71448
6678,71534
6679,74303
6680,74247
6681,73618
6682,71262
6683,72647
6684,70120
6685,75966
6686,72363
6687,72364
6688,70780
6689,72391
6690,70652
6691,72707
6692,71129
6693,70389
6694,76967
6695,73110
6696,74414
6697,70645
6698,72680
6699,75761
6700,74471
6701,72383
6702,73498
6703,72341
6704,71596
6705,77682
6706,77402
6707,77720
6708,71772
6709,70427
6710,75062
6711,77086
6712,77297
6713,76962
6714,76092
6715,76064
6716,73754
6717,77131
6718,70805
6719,74619
6720,75117
6721,76370
6722,74725
6723,75105
6724,73084
6725,74724
6726,74130
6727,75325
6728,70698
6729,72593
6730,75134
6731,73603
6732,72928
6733,75638
6734,75124
6735,73093
6736,72663
6737,73359
6738,71525
6739,71865
6740,74195
6741,76952
6742,70530
6743,76083
6744,73349
6745,75036
6746,76116
6747,75914
6748,76086
6749,74252
6750,75655
6751,76596
6752,75346
6753,74436
6754,77033
6755,75391
6756,77792
6757,71642
6758,70768
6759,76927
6760,75293
6761,74448
6762,75030
6763,73356
6764,77572
6765,76466
6766,71079
6767,70865
6768,71128
6769,75464
6770,73550
6771,77309
6772,70658
6773,72338
6774,73372
6775,75682
6776,74065
6777,70933
6778,77334
6779,73663
6780,74868
6781,74086
6782,70349
6783,72583
6784,76792
6785,75949
6786,71657
6787,76430
6788,75700
6789,71359
6790,72769
6791,77027
6792,71423
6793,77185
6794,71639
6795,76841
6796,70769
6797,71327
6798,73246
6799,73090
6800,76081
6801,75070
6802,76465
6803,71904
6804,74267
6805,74630
6806,71313
6807,73191
6808,76811
6809,76375
6810,72444
6811,75857
6812,74336
6813,70889
6814,74598
6815,73976
6816,71093
6817,71595
6818,72549
6819,75843
6820,72933
6821,75516
6822,73256
6823,72185
6824,75435
6825,75462
6826,77907
6827,74449
6828,70170
6829,77030
6830,77623
6831,75834
6832,76207
6833,76850
6834,71704
6835,72489
6836,77010
6837,72676
6838,71422
6839,75334
6840,70598
6841,71628
6842,73539
6843,73954
6844,74553
6845,77791
6846,76631
6847,74289
6848,70366
6849,73176
6850,70362
6851,76397
6852,75672
6853,77983
6854,77560
6855,75251
6856,72590
6857,73197
6858,72495
6859,71374
6860,76263
6861,75252
6862,75527
6863,74882
6864,72188
6865,76010
6866,75385
6867,75100
6868,72951
6869,72701
6870,75821
6871,77321
6872,70358
6873,76220
6874,73039
6875,76892
6876,72001
6877,70856
6878,76779
6879,71567
6880,74940
6881,71477
6882,76994
6883,77455
6884,70363
6885,72332
6886,71584
6887,77313
6888,74344
6889,73028
6890,73400
6891,72635
6892,74746
6893,75917
6894,75085
6895,75824
6896,74386
6897,72720
6898,70333
6899,77286
6900,72736
6901,75197
6902,76298
6903,70456
6904,72518
6905,71145
6906,70975
6907,74943
6908,76660
6909,73808
6910,73827
6911,77484
6912,77045
6913,73572
6914,75167
6915,76304
6916,76890
6917,77874
6918,77699
6919,70108
6920,74593
6921,71806
6922,73920
6923,73029
6924,75237
6925,76744
6926,72150
6927,71204
6928,77457
6929,70438
6930,76247
6931,73606
6932,74766
6933,71763
6934,75490
6935,73204
6936,70339
6937,74113
6938,74159
6939,76527
6940,73820
6941,70056
6942,74331
6943,76493
6944,74666
6945,70938
6946,74801
6947,77137
6948,71078
6949,72623
6950,76928
6951,70608
6952,75418
6953,74904
6954,71873
6955,74432
6956,73300
6957,71064
6958,70282
6959,77709
6960,73561
6961,76774
6962,72036
6963,76276
6964,74951A
6965,70993
6966,75688
6967,70436
6968,76643
6969,76649
6970,70206
6971,76417
6972,72678
6973,72935
6974,77715
6975,74889
6976,70383
6977,75831
6978,70838
6979,72555
6980,70662
6981,70657
6982,71042
6983,70627
6984,74128
6985,71934
6986,74941
6987,71949
6988,75253
6989,70551
6990,75668
6991,76189
6992,73605
6993,70572
6994,72522
6995,75713
6996,71460
6997,76434
6998,70773
6999,75151
7000,77544
7001,70104
7002,73716
7003,72896
7004,75437
7005,70468
7006,70709
7007,71575
7008,74332
7009,72781
7010,76265
7011,75387
7012,74937
7013,73955
7014,73396
7015,74304
7016,72784
7017,75176
7018,75994
7019,73583
7020,77126
7021,71958
7022,77674
7023,76077
7024,76491
7025,72005
7026,74227
7027,73596
7028,77326
7029,76392
7030,75439
7031,75918
7032,77223
7033,72494
7034,76712
7035,72722
7036,76889
7037,76327
7038,73476
7039,71939
7040,73309
7041,76379
7042,71463
7043,75006
7044,73545
7045,76719
7046,73355
7047,77445
7048,76499
7049,72035
7050,74636
7051,72566
7052,77545
7053,74670
7054,74944
7055,77692
7056,76763
7057,76671
7058,74737
7059,77977
7060,73549
7061,74443
7062,76902
7063,73535
7064,75842
7065,70127
7066,76987
7067,73166
7068,77857
7069,73732
7070,74899
7071,73370
7072,71312
7073,74740
7074,75921
7075,74920
7076,72708
7077,71232
7078,75881
7079,73959
7080,75259
7081,76403
7082,72889
7083,75072
7084,72657
7085,72715
7086,74112
7087,75356
7088,77632
7089,74114
7090,72382
7091,77357
7092,76131
7093,70695
7094,71201
7095,71783
7096,72078
7097,73911
7098,70788
7099,75482
7100,72551
7101,75340
7102,70255
7103,73361
7104,75980
7105,76751
7106,70221
7107,74076
7108,74172
7109,75845
7110,74577
7111,74197
7112,73410
7113,77352
7114,77073
7115,77677
7116,70094
7117,75739
7118,72596
7119,74745
7120,71606
7121,76224
7122,71266
7123,77429
7124,76089
7125,77954
7126,73666
7127,71882
7128,70072
7129,77739
7130,71610
7131,70460
7132,73302
7133,74591
7134,74622
7135,76378
7136,75352
7137,75611
7138,75850
7139,75928
7140,76066
7141,77616
7142,72870
7143,77822
7144,72233
7145,73012
7146,70654
7147,71253
7148,71674
7149,71556
7150,71683
7151,71680
7152,73524
7153,71100
7154,70875
7155,71041
7156,72311
7157,75820
7158,71071
7159,75926
7160,74167
7161,70052
7162,71121
7163,73119
7164,77387
7165,76772
7166,74407
7167,77105
7168,73122
7169,76184
7170,72441
7171,75343
7172,70209
7173,71113
7174,77343
7175,71414
7176,74711
7177,77673
7178,77291
7179,75157
7180,76195
7181,77288
7182,70029
7183,70797
7184,74036
7185,77542
7186,76758
7187,77796
7188,73321
7189,75967
7190,70199
7191,72833
7192,73553
7193,70483
7194,77332
7195,74890
7196,75152
7197,72553
7198,74146
7199,72302
7200,74319
7201,74905
7202,72102
7203,75370
7204,75190
7205,76707
7206,72568
7207,70249
7208,75154
7209,77927
7210,74761
7211,71837
7212,77958
7213,75461
7214,74253
7215,76636
7216,72991
7217,76553
7218,72748
7219,70064
7220,71512
7221,70955
7222,70261
7223,74339
7224,74528
7225,74993
7226,77029
7227,77873
7228,75757
7229,75841
7230,74108
7231,75685
7232,77773
7233,75945
7234,76085
7235,76147
7236,76326
7237,76444
7238,76475
7239,76652
7240,75243
7241,76995
7242,75389
7243,75615
7244,74100
7245,74326
7246,74909
7247,71672
7248,70912
7249,72207
7250,73054
7251,73444
7252,71851
7253,70605
7254,70883
7255,73112
7256,73215
7257,73422
7258,72070
7259,72198
7260,72205
7261,70835
7262,70207
7263,70921
7264,73046
7265,73173
7266,70420
7267,71605
7268,70863
7269,70905
7270,77928
7271,75639
7272,71349
7273,72397
7274,72963
7275,77929
7276,76674
7277,76098
7278,72852
7279,77108
7280,76121A
7281,75288
7282,77759
7283,72939
7284,77079
7285,70679
7286,74426
7287,70106
7288,72934
7289,70041
7290,73251
7291,70417
7292,72340
7293,70037
7294,71341
7295,73479
7296,70388
7297,76428
7298,76416
7299,76943
7300,76741
7301,74930
7302,74261
7303,70332
7304,74970
7305,75622
7306,76264
7307,74031
7308,70726
7309,72858
7310,71387
7311,73804
7312,74181
7313,71999
7314,74842
7315,77762
7316,77408
7317,77751
7318,73245
7319,77056
7320,70005
7321,75298
7322,76566
7323,74524
7324,73037
7325,71352
7326,76347
7327,75912
7328,73190
7329,76322
7330,74526
7331,76285
7332,77752
7333,70081
7334,73367
7335,74804
7336,72359
7337,73963
7338,76154
7339,76909
7340,74122
7341,77084
7342,70031
7343,73489
7344,73907
7345,71897
7346,73071
7347,70245
7348,77675
7349,71306
7350,73586
7351,77225
7352,74074
7353,77148
7354,75838
7355,72519
7356,76771
7357,77710
7358,76626
7359,76627
7360,74044
7361,72895
7362,73165
7363,72859
7364,75231
7365,77990
7366,72056
7367,77961
7368,71588
7369,71570
7370,70474
7371,76621
7372,74567
7373,74991
7374,75201
7375,76105
7376,70565
7377,71400
7378,70815
7379,73485
7380,71087
7381,70810
7382,76876
7383,70387
7384,74158
7385,74450
7386,73298
7387,75903
7388,71972
7389,76725
7390,74296
7391,75607
7392,74202
7393,74716
7394,70213
7395,71973
7396,71836
7397,71197
7398,77143
7399,74668
7400,70065
7401,76125
7402,70382
7403,74213
7404,77098
7405,72534
7406,71694
7407,70011
7408,76844
7409,70859
7410,71775
7411,76031
7412,77318
7413,71393
7414,72514
7415,76819
7416,73187
7417,77300
7418,75354
7419,76729
7420,75981
7421,74228
7422,74721
7423,71966
7424,72238
7425,70700
7426,76944
7427,72356
7428,72712
7429,72260
7430,73061
7431,77979
7432,73880
7433,70902
7434,74285
7435,74488
7436,72105
7437,71089
7438,70497
7439,73733
7440,74963
7441,77625
7442,74693
7443,74803
7444,72464
7445,75513
7446,75512
7447,74659
7448,73548
7449,77933
7450,77117
7451,76907
7452,70601
7453,72923
7454,72838
7455,71437
7456,70932
7457,72521
7458,76840
7459,73394
7460,72727
7461,75453
7462,77586
7463,71202
7464,74573
7465,75579
7466,77221
7467,75698
7468,75689
7469,76317
7470,75874
7471,74433
7472,76743
7473,75778
7474,75987
7475,77028
7476,75925
7477,72189
7478,72059
7479,71553
7480,75289
7481,75920
7482,70359
7483,73852
7484,73546
7485,72899
7486,72101
7487,75862
7488,77906
7489,77077
7490,71497
7491,72482
7492,73742
7493,74266
7494,76959
7495,71798
7496,72594
7497,71756
7498,70653
7499,73643
7500,72235
7501,75263A
7502,76633
7503,76128
7504,73224
7505,73755
7506,70060
7507,71821
7508,76328
7509,72602
7510,73164
7511,76209
7512,71758
7513,76096
7514,76760
7515,75292
7516,71929
7517,76301
7518,74881
7519,73809
7520,73811
7521,77061
7522,74574
7523,72517
7524,70357
7525,71774
7526,71484
7527,71307
7528,72031
7529,76396
7530,77319
7531,77551
7532,77194
7533,71237
7534,73506
7535,77672
7536,73806
7537,73075
7538,77705
7539,71547
7540,70617
7541,70099
7542,72930
7543,74660
7544,73722
7545,73098
7546,71420
7547,71108
7548,73388
7549,73427
7550,75598
7551,75599
7552,75135
7553,76756
7554,77686
7555,77072
7556,73938
7557,76076
7558,77851
7559,71086
7560,71977
7561,76810
7562,73930
7563,77273
7564,77123
7565,72054
7566,74981
7567,72283
7568,71265
7569,74867
7570,73720
7571,75407
7572,71444
7573,70989
7574,75132
7575,77725
7576,76150
7577,71592
7578,71593
7579,75003
7580,70850
7581,77806
7582,74796
7583,77744
7584,71692
7585,77488
7586,77145
7587,74188
7588,76483
7589,71452
7590,72093
7591,77432
7592,77920
7593,70448
7594,75647
7595,71699
7596,77830
7597,75041
7598,76826
7599,77003
7600,74301
7601,77074
7602,77805
7603,71392
7604,73791
7605,72725
7606,73558
7607,72817
7608,75601
7609,74585
7610,74377
7611,76299
7612,77922
7613,73505
7614,77085
7615,72274
7616,72453
7617,73943
7618,72023
7619,75954
7620,75429
7621,72648
7622,73365
7623,76825
7624,71597
7625,74702
7626,75053
7627,75485
7628,76977
7629,76770
7630,77394
7631,71919
7632,73689
7633,70285
7634,75159
7635,72319
7636,72828
7637,72066
7638,71300
7639,77303
7640,73570
7641,75985
7642,76658
7643,74508
7644,75280
7645,74523
7646,76170
7647,74901
7648,72497
7649,74505A
7650,70027
7651,72550
7652,70750
7653,74109
7654,71938
7655,73715
7656,70398
7657,77975
7658,72362
7659,75571
7660,76693
7661,72224
7662,76988
7663,73908
7664,75697
7665,73513
7666,77531
7667,70984
7668,70864
7669,75866
7670,76274
7671,73428
7672,73323
7673,70906
7674,72598
7675,74794
7676,70574
7677,77055
7678,72373
7679,70288
7680,70502
7681,70264
7682,76939
7683,74616
7684,73375
7685,71995
7686,71178
7687,77536
7688,77248
7689,77228
7690,77587
7691,74371
7692,75847
7693,76217
7694,75997
7695,76641
7696,71867
7697,71563
7698,71841
7699,71159
7700,70543
7701,72912
7702,75220
7703,76476
7704,77963
7705,72730
7706,76205
7707,77351
7708,74560
7709,73481
7710,72493
7711,74298
7712,77656
7713,72057
7714,77158
7715,75393
7716,70211
7717,75557
7718,71823
7719,73420
7720,75782
7721,73437
7722,71081
7723,77479
7724,70302
7725,75362
7726,72508
7727,72509
7728,75679
7729,75916
7730,75696
7731,71707
7732,72805
7733,72983
7734,74989
7735,77320
7736,73238
7737,74373
7738,73627
7739,71301
7740,75972
7741,74933
7742,74969
7743,70050
7744,77676
7745,76562
7746,70833
7747,74848
7748,71302
7749,77322
7750,72255
7751,70386
7752,72403
7753,75664
7754,77165
7755,77870
7756,72831
7757,76544
7758,77902
7759,75304
7760,74545
7761,75990
7762,75363
7763,77043
7764,70278
7765,74613
7766,76720
7767,71963
7768,71371
7769,73869
7770,75651
7771,73927
7772,73760
7773,71996
7774,74913
7775,74809
7776,76914
7777,76366
7778,76314
7779,72098
7780,70121
7781,73677
7782,75566
7783,73669
7784,72745
7785,76012
7786,77465
7787,70744
7788,74673
7789,73059
7790,73987
7791,75919
7792,73311
7793,70013
7794,74212
7795,76200
7796,77255
7797,71576
7798,74275
7799,73676
7800,75734
7801,73960
7802,74697
7803,76648
7804,71177
7805,70554
7806,75720
7807,73587
7808,74345
7809,74816
7810,71311
7811,71167
7812,75741
7813,76953
7814,72090
7815,75153
7816,75009
7817,72473
7818,70842
7819,77957
7820,77948
7821,75630
7822,76206
7823,77986
7824,77941
7825,77266
7826,71516
7827,76823
7828,72298
7829,70391
7830,70471
7831,77259
7832,76849
7833,74075
7834,73523
7835,71401
7836,76152
7837,76449
7838,73126
7839,74103
7840,72336
7841,77909
7842,74335
7843,71745
7844,70189
7845,73726
7846,71993
7847,74694
7848,74338
7849,73073
7850,72767
7851,71714
7852,73055
7853,70272
7854,75629
7855,75568
7856,72347
7857,75856
7858,77881
7859,74582
7860,76144
7861,72761
7862,73387
7863,72559
7864,74906
7865,75944
7866,71990
7867,75561
7868,75567
7869,77955
7870,71218
7871,74771
7872,74988
7873,74769
7874,76226
7875,70142
7876,77960
7877,75139
7878,72842
7879,73366
7880,72545
7881,75137
7882,72713
7883,71258
7884,73937
7885,70952
7886,73397
7887,74406
7888,76787
7889,72929
7890,73942
7891,70527
7892,71224
7893,77199
7894,73792
7895,74072
7896,71886
7897,76739
7898,70160
7899,71032
7900,74498
7901,70063
7902,76455
7903,77014
7904,76467
7905,73472
7906,71788
7907,76074
7908,73261
7909,72452
7910,70074
7911,71370
7912,77888
7913,74845
7914,76484
7915,70223
7916,71332
7917,76179
7918,72468
7919,70218
7920,73687
7921,71604
7922,77229
7923,70228
7924,76061
7925,72792
7926,71164
7927,75294
7928,72846
7929,77695
7930,71529
7931,70946
7932,73395
7933,74662
7934,70616
7935,76827
7936,73008
7937,73491
7938,75717
7939,71442
7940,70183
7941,72704
7942,72504
7943,75738
7944,71062
7945,71838
7946,71116
7947,76404
7948,72742
7949,73904
7950,74695
7951,72401
7952,72735
7953,77833
7954,73320
7955,75811
7956,76145
7957,75395
7958,70190
7959,71764
7960,73399
7961,77212
7962,72346
7963,71648
7964,71542
7965,72548
7966,75398
7967,76605
7968,70337
7969,71536
7970,76333
7971,73515
7972,73450
7973,70674
7974,74583
7975,71552
7976,76494
7977,70301
7978,70047
7979,76202
7980,70929
7981,74594
7982,75494
7983,71165
7984,70916
7985,70269
7986,73322
7987,77116
7988,71168
7989,71236
7990,77875
7991,77198
7992,77036
7993,74162
7994,70950
7995,75492
7996,70966
7997,71667
7998,75315
7999,70289
8000,77921
